zone,day,rainfallMm,temperatureC,aqi
Bhubaneswar-Zone1,0,3.8,20.9,199
Bhubaneswar-Zone1,1,24.1,19.8,171
Bhubaneswar-Zone1,2,10.5,19.0,194
Bhubaneswar-Zone1,3,7.3,20.4,182
Bhubaneswar-Zone1,4,1.4,21.8,209
Bhubaneswar-Zone1,5,1.4,19.1,197
Bhubaneswar-Zone1,6,0.5,18.8,202
Bhubaneswar-Zone1,7,16.1,19.4,226
Bhubaneswar-Zone1,8,7.4,22.0,178
Bhubaneswar-Zone1,9,9.9,23.1,213
Bhubaneswar-Zone1,10,0.2,20.9,160
Bhubaneswar-Zone1,11,28.0,21.4,146
Bhubaneswar-Zone1,12,14.3,19.0,170
Bhubaneswar-Zone1,13,1.9,22.1,181
Bhubaneswar-Zone1,14,1.6,21.4,202
Bhubaneswar-Zone1,15,1.6,19.0,203
Bhubaneswar-Zone1,16,2.9,16.9,194
Bhubaneswar-Zone1,17,6.0,18.0,193
Bhubaneswar-Zone1,18,4.5,19.2,204
Bhubaneswar-Zone1,19,2.8,22.9,210
Bhubaneswar-Zone1,20,7.6,23.8,174
Bhubaneswar-Zone1,21,1.2,19.8,194
Bhubaneswar-Zone1,22,2.8,20.0,197
Bhubaneswar-Zone1,23,3.7,21.4,204
Bhubaneswar-Zone1,24,4.9,21.0,185
Bhubaneswar-Zone1,25,12.3,22.9,189
Bhubaneswar-Zone1,26,1.8,20.0,199
Bhubaneswar-Zone1,27,5.8,23.1,185
Bhubaneswar-Zone1,28,7.2,20.8,183
Bhubaneswar-Zone1,29,0.4,23.0,201
Bhubaneswar-Zone1,30,7.5,20.9,112
Bhubaneswar-Zone1,31,1.5,20.3,126
Bhubaneswar-Zone1,32,0.5,25.4,104
Bhubaneswar-Zone1,33,23.8,23.8,96
Bhubaneswar-Zone1,34,27.0,18.2,95
Bhubaneswar-Zone1,35,13.2,21.0,122
Bhubaneswar-Zone1,36,2.9,24.4,104
Bhubaneswar-Zone1,37,0.8,19.7,123
Bhubaneswar-Zone1,38,9.2,23.7,116
Bhubaneswar-Zone1,39,4.6,23.6,141
Bhubaneswar-Zone1,40,1.0,21.0,104
Bhubaneswar-Zone1,41,5.5,22.5,106
Bhubaneswar-Zone1,42,0.3,18.5,106
Bhubaneswar-Zone1,43,19.2,26.3,80
Bhubaneswar-Zone1,44,2.4,22.3,145
Bhubaneswar-Zone1,45,8.7,24.6,94
Bhubaneswar-Zone1,46,3.0,24.4,105
Bhubaneswar-Zone1,47,5.9,26.0,135
Bhubaneswar-Zone1,48,6.3,22.5,89
Bhubaneswar-Zone1,49,1.6,23.9,130
Bhubaneswar-Zone1,50,27.9,24.8,76
Bhubaneswar-Zone1,51,11.9,25.5,129
Bhubaneswar-Zone1,52,22.4,26.2,69
Bhubaneswar-Zone1,53,18.0,23.1,79
Bhubaneswar-Zone1,54,7.3,22.9,106
Bhubaneswar-Zone1,55,20.4,27.1,118
Bhubaneswar-Zone1,56,0.7,20.4,119
Bhubaneswar-Zone1,57,1.7,27.8,114
Bhubaneswar-Zone1,58,0.4,24.2,140
Bhubaneswar-Zone1,59,3.1,24.9,150
Bhubaneswar-Zone1,60,3.9,23.7,127
Bhubaneswar-Zone1,61,2.5,25.1,109
Bhubaneswar-Zone1,62,14.1,27.9,102
Bhubaneswar-Zone1,63,3.5,27.1,98
Bhubaneswar-Zone1,64,2.6,26.7,119
Bhubaneswar-Zone1,65,6.3,26.0,91
Bhubaneswar-Zone1,66,1.2,23.1,127
Bhubaneswar-Zone1,67,13.0,24.5,140
Bhubaneswar-Zone1,68,0.6,25.6,130
Bhubaneswar-Zone1,69,34.7,27.4,85
Bhubaneswar-Zone1,70,11.8,26.8,118
Bhubaneswar-Zone1,71,1.8,28.8,143
Bhubaneswar-Zone1,72,0.0,27.9,144
Bhubaneswar-Zone1,73,13.5,27.2,94
Bhubaneswar-Zone1,74,9.8,31.8,120
Bhubaneswar-Zone1,75,10.4,28.3,109
Bhubaneswar-Zone1,76,11.8,26.7,123
Bhubaneswar-Zone1,77,0.6,31.5,125
Bhubaneswar-Zone1,78,3.6,30.3,82
Bhubaneswar-Zone1,79,1.0,31.7,114
Bhubaneswar-Zone1,80,15.9,28.1,110
Bhubaneswar-Zone1,81,7.8,30.4,92
Bhubaneswar-Zone1,82,3.2,25.7,126
Bhubaneswar-Zone1,83,0.5,30.4,97
Bhubaneswar-Zone1,84,3.0,28.7,106
Bhubaneswar-Zone1,85,3.1,26.4,138
Bhubaneswar-Zone1,86,10.5,31.4,98
Bhubaneswar-Zone1,87,8.1,25.9,122
Bhubaneswar-Zone1,88,17.5,25.8,80
Bhubaneswar-Zone1,89,5.1,30.6,147
Bhubaneswar-Zone1,90,1.0,31.1,115
Bhubaneswar-Zone1,91,10.0,32.1,113
Bhubaneswar-Zone1,92,11.4,31.8,114
Bhubaneswar-Zone1,93,6.6,33.5,124
Bhubaneswar-Zone1,94,11.8,32.1,88
Bhubaneswar-Zone1,95,5.4,30.6,116
Bhubaneswar-Zone1,96,5.9,30.9,105
Bhubaneswar-Zone1,97,4.5,30.6,91
Bhubaneswar-Zone1,98,0.2,32.0,135
Bhubaneswar-Zone1,99,0.9,29.3,114
Bhubaneswar-Zone1,100,0.3,32.4,123
Bhubaneswar-Zone1,101,8.1,31.7,116
Bhubaneswar-Zone1,102,3.0,32.6,113
Bhubaneswar-Zone1,103,5.7,32.8,145
Bhubaneswar-Zone1,104,19.1,27.5,104
Bhubaneswar-Zone1,105,2.3,30.8,95
Bhubaneswar-Zone1,106,4.2,32.5,111
Bhubaneswar-Zone1,107,11.3,32.8,118
Bhubaneswar-Zone1,108,2.1,33.6,126
Bhubaneswar-Zone1,109,0.6,33.8,103
Bhubaneswar-Zone1,110,2.7,36.4,132
Bhubaneswar-Zone1,111,1.4,34.2,92
Bhubaneswar-Zone1,112,21.2,33.1,120
Bhubaneswar-Zone1,113,13.2,30.7,90
Bhubaneswar-Zone1,114,8.0,31.3,110
Bhubaneswar-Zone1,115,16.4,35.2,123
Bhubaneswar-Zone1,116,13.0,36.4,111
Bhubaneswar-Zone1,117,1.7,37.6,131
Bhubaneswar-Zone1,118,17.8,33.0,115
Bhubaneswar-Zone1,119,6.2,34.2,134
Bhubaneswar-Zone1,120,13.2,35.4,125
Bhubaneswar-Zone1,121,18.1,39.2,99
Bhubaneswar-Zone1,122,3.1,35.5,127
Bhubaneswar-Zone1,123,0.9,38.5,96
Bhubaneswar-Zone1,124,2.1,35.9,117
Bhubaneswar-Zone1,125,4.5,38.0,129
Bhubaneswar-Zone1,126,13.6,37.9,111
Bhubaneswar-Zone1,127,15.8,36.3,114
Bhubaneswar-Zone1,128,0.1,34.0,117
Bhubaneswar-Zone1,129,5.7,35.7,132
Bhubaneswar-Zone1,130,4.3,39.3,115
Bhubaneswar-Zone1,131,2.0,38.2,111
Bhubaneswar-Zone1,132,1.0,35.7,132
Bhubaneswar-Zone1,133,3.3,36.1,96
Bhubaneswar-Zone1,134,22.9,33.4,109
Bhubaneswar-Zone1,135,3.1,39.9,102
Bhubaneswar-Zone1,136,5.9,38.9,134
Bhubaneswar-Zone1,137,9.7,37.0,108
Bhubaneswar-Zone1,138,3.6,37.8,119
Bhubaneswar-Zone1,139,28.5,33.1,103
Bhubaneswar-Zone1,140,26.3,36.6,70
Bhubaneswar-Zone1,141,2.3,40.4,108
Bhubaneswar-Zone1,142,5.5,39.8,131
Bhubaneswar-Zone1,143,2.9,38.6,131
Bhubaneswar-Zone1,144,2.7,38.0,122
Bhubaneswar-Zone1,145,0.3,39.7,100
Bhubaneswar-Zone1,146,7.5,37.7,123
Bhubaneswar-Zone1,147,5.6,35.0,126
Bhubaneswar-Zone1,148,0.4,38.4,120
Bhubaneswar-Zone1,149,2.6,39.3,136
Bhubaneswar-Zone1,150,19.1,40.8,94
Bhubaneswar-Zone1,151,2.9,35.8,110
Bhubaneswar-Zone1,152,2.6,38.5,81
Bhubaneswar-Zone1,153,7.4,38.7,128
Bhubaneswar-Zone1,154,36.7,36.7,95
Bhubaneswar-Zone1,155,5.7,40.0,90
Bhubaneswar-Zone1,156,13.0,40.6,83
Bhubaneswar-Zone1,157,16.3,38.6,94
Bhubaneswar-Zone1,158,7.7,43.3,126
Bhubaneswar-Zone1,159,16.6,38.6,102
Bhubaneswar-Zone1,160,10.5,38.4,100
Bhubaneswar-Zone1,161,15.5,38.4,92
Bhubaneswar-Zone1,162,16.2,37.8,91
Bhubaneswar-Zone1,163,15.0,38.4,79
Bhubaneswar-Zone1,164,10.3,36.7,94
Bhubaneswar-Zone1,165,24.6,39.2,84
Bhubaneswar-Zone1,166,14.0,39.8,119
Bhubaneswar-Zone1,167,13.2,35.1,107
Bhubaneswar-Zone1,168,12.5,39.5,98
Bhubaneswar-Zone1,169,20.0,39.9,139
Bhubaneswar-Zone1,170,22.6,40.8,92
Bhubaneswar-Zone1,171,14.3,42.3,126
Bhubaneswar-Zone1,172,20.5,41.6,128
Bhubaneswar-Zone1,173,17.5,38.7,82
Bhubaneswar-Zone1,174,24.3,38.4,102
Bhubaneswar-Zone1,175,18.2,41.1,98
Bhubaneswar-Zone1,176,26.7,38.9,90
Bhubaneswar-Zone1,177,21.8,37.5,111
Bhubaneswar-Zone1,178,40.6,44.7,78
Bhubaneswar-Zone1,179,20.3,39.4,96
Bhubaneswar-Zone1,180,23.1,38.7,99
Bhubaneswar-Zone1,181,21.3,35.6,97
Bhubaneswar-Zone1,182,41.6,41.7,69
Bhubaneswar-Zone1,183,38.3,38.0,101
Bhubaneswar-Zone1,184,24.5,40.0,116
Bhubaneswar-Zone1,185,31.3,41.9,100
Bhubaneswar-Zone1,186,36.8,38.0,85
Bhubaneswar-Zone1,187,30.3,40.1,85
Bhubaneswar-Zone1,188,30.4,43.0,85
Bhubaneswar-Zone1,189,27.1,35.0,134
Bhubaneswar-Zone1,190,26.2,38.3,113
Bhubaneswar-Zone1,191,44.1,38.1,72
Bhubaneswar-Zone1,192,44.9,39.5,87
Bhubaneswar-Zone1,193,35.0,39.7,87
Bhubaneswar-Zone1,194,30.8,37.6,104
Bhubaneswar-Zone1,195,31.4,38.4,103
Bhubaneswar-Zone1,196,38.8,38.1,105
Bhubaneswar-Zone1,197,47.1,38.9,70
Bhubaneswar-Zone1,198,46.9,40.0,84
Bhubaneswar-Zone1,199,42.0,41.4,60
Bhubaneswar-Zone1,200,38.6,41.6,70
Bhubaneswar-Zone1,201,31.5,40.7,108
Bhubaneswar-Zone1,202,32.6,37.6,80
Bhubaneswar-Zone1,203,49.9,39.3,67
Bhubaneswar-Zone1,204,39.5,44.0,88
Bhubaneswar-Zone1,205,32.5,41.2,104
Bhubaneswar-Zone1,206,33.7,38.2,77
Bhubaneswar-Zone1,207,42.0,42.2,34
Bhubaneswar-Zone1,208,33.7,38.2,80
Bhubaneswar-Zone1,209,35.4,37.5,110
Bhubaneswar-Zone1,210,40.7,41.6,93
Bhubaneswar-Zone1,211,44.1,36.1,105
Bhubaneswar-Zone1,212,43.5,34.8,68
Bhubaneswar-Zone1,213,37.4,40.4,65
Bhubaneswar-Zone1,214,45.6,38.5,90
Bhubaneswar-Zone1,215,38.2,38.6,93
Bhubaneswar-Zone1,216,39.4,37.5,93
Bhubaneswar-Zone1,217,47.5,37.7,96
Bhubaneswar-Zone1,218,45.2,37.1,90
Bhubaneswar-Zone1,219,52.2,36.7,84
Bhubaneswar-Zone1,220,45.9,37.1,94
Bhubaneswar-Zone1,221,44.3,36.9,92
Bhubaneswar-Zone1,222,38.6,36.0,102
Bhubaneswar-Zone1,223,41.7,36.4,102
Bhubaneswar-Zone1,224,40.7,32.4,110
Bhubaneswar-Zone1,225,40.7,38.7,78
Bhubaneswar-Zone1,226,67.5,38.0,73
Bhubaneswar-Zone1,227,42.8,36.9,80
Bhubaneswar-Zone1,228,56.8,37.4,62
Bhubaneswar-Zone1,229,47.1,37.4,72
Bhubaneswar-Zone1,230,51.9,35.2,86
Bhubaneswar-Zone1,231,45.0,35.5,90
Bhubaneswar-Zone1,232,46.4,37.5,89
Bhubaneswar-Zone1,233,45.0,36.7,81
Bhubaneswar-Zone1,234,41.4,40.2,87
Bhubaneswar-Zone1,235,50.0,39.3,92
Bhubaneswar-Zone1,236,42.5,37.7,64
Bhubaneswar-Zone1,237,40.1,34.2,88
Bhubaneswar-Zone1,238,48.2,34.5,83
Bhubaneswar-Zone1,239,41.5,33.4,98
Bhubaneswar-Zone1,240,62.6,35.9,50
Bhubaneswar-Zone1,241,64.6,29.7,91
Bhubaneswar-Zone1,242,59.7,34.1,75
Bhubaneswar-Zone1,243,43.7,34.2,89
Bhubaneswar-Zone1,244,40.1,31.7,82
Bhubaneswar-Zone1,245,61.0,36.2,79
Bhubaneswar-Zone1,246,44.3,32.1,85
Bhubaneswar-Zone1,247,67.0,34.8,85
Bhubaneswar-Zone1,248,66.2,39.7,45
Bhubaneswar-Zone1,249,55.0,30.7,79
Bhubaneswar-Zone1,250,42.3,33.5,92
Bhubaneswar-Zone1,251,43.3,32.8,83
Bhubaneswar-Zone1,252,54.6,32.3,70
Bhubaneswar-Zone1,253,42.2,34.8,81
Bhubaneswar-Zone1,254,40.5,35.3,90
Bhubaneswar-Zone1,255,45.4,34.5,57
Bhubaneswar-Zone1,256,60.7,31.4,86
Bhubaneswar-Zone1,257,48.1,37.5,74
Bhubaneswar-Zone1,258,45.1,28.9,86
Bhubaneswar-Zone1,259,39.0,30.2,94
Bhubaneswar-Zone1,260,45.6,32.5,76
Bhubaneswar-Zone1,261,74.6,32.1,58
Bhubaneswar-Zone1,262,38.7,32.8,59
Bhubaneswar-Zone1,263,43.1,34.8,97
Bhubaneswar-Zone1,264,53.8,31.2,93
Bhubaneswar-Zone1,265,47.5,31.5,56
Bhubaneswar-Zone1,266,46.0,29.9,77
Bhubaneswar-Zone1,267,45.8,32.1,65
Bhubaneswar-Zone1,268,39.4,30.1,86
Bhubaneswar-Zone1,269,38.3,30.0,99
Bhubaneswar-Zone1,270,48.5,31.5,96
Bhubaneswar-Zone1,271,48.2,32.3,178
Bhubaneswar-Zone1,272,50.7,25.7,179
Bhubaneswar-Zone1,273,53.7,30.6,154
Bhubaneswar-Zone1,274,39.5,29.2,151
Bhubaneswar-Zone1,275,39.0,31.5,167
Bhubaneswar-Zone1,276,45.9,28.9,173
Bhubaneswar-Zone1,277,41.1,31.8,149
Bhubaneswar-Zone1,278,41.9,27.7,191
Bhubaneswar-Zone1,279,44.6,24.4,178
Bhubaneswar-Zone1,280,49.1,30.8,158
Bhubaneswar-Zone1,281,34.3,26.9,162
Bhubaneswar-Zone1,282,34.3,25.2,163
Bhubaneswar-Zone1,283,30.9,28.2,176
Bhubaneswar-Zone1,284,36.6,27.6,167
Bhubaneswar-Zone1,285,29.5,29.5,191
Bhubaneswar-Zone1,286,33.7,29.5,168
Bhubaneswar-Zone1,287,34.5,27.7,180
Bhubaneswar-Zone1,288,30.4,25.6,175
Bhubaneswar-Zone1,289,34.4,27.8,177
Bhubaneswar-Zone1,290,27.0,27.4,175
Bhubaneswar-Zone1,291,26.5,28.0,189
Bhubaneswar-Zone1,292,39.5,25.0,179
Bhubaneswar-Zone1,293,28.7,25.7,184
Bhubaneswar-Zone1,294,25.7,27.4,189
Bhubaneswar-Zone1,295,30.0,28.7,162
Bhubaneswar-Zone1,296,35.3,28.0,177
Bhubaneswar-Zone1,297,24.9,26.1,199
Bhubaneswar-Zone1,298,30.2,24.8,183
Bhubaneswar-Zone1,299,22.5,26.4,167
Bhubaneswar-Zone1,300,21.7,23.3,182
Bhubaneswar-Zone1,301,26.7,23.7,184
Bhubaneswar-Zone1,302,26.3,28.2,168
Bhubaneswar-Zone1,303,27.6,25.8,158
Bhubaneswar-Zone1,304,29.2,24.1,172
Bhubaneswar-Zone1,305,48.0,26.4,150
Bhubaneswar-Zone1,306,23.4,27.1,181
Bhubaneswar-Zone1,307,20.1,23.5,160
Bhubaneswar-Zone1,308,29.1,23.4,185
Bhubaneswar-Zone1,309,18.3,23.0,176
Bhubaneswar-Zone1,310,19.7,25.9,199
Bhubaneswar-Zone1,311,15.1,25.8,184
Bhubaneswar-Zone1,312,14.0,26.5,188
Bhubaneswar-Zone1,313,39.5,25.6,166
Bhubaneswar-Zone1,314,27.0,20.2,168
Bhubaneswar-Zone1,315,21.4,23.9,220
Bhubaneswar-Zone1,316,15.4,21.1,180
Bhubaneswar-Zone1,317,12.1,22.0,206
Bhubaneswar-Zone1,318,11.2,23.3,175
Bhubaneswar-Zone1,319,11.5,24.5,196
Bhubaneswar-Zone1,320,14.9,20.9,195
Bhubaneswar-Zone1,321,17.9,17.9,185
Bhubaneswar-Zone1,322,15.8,22.8,179
Bhubaneswar-Zone1,323,9.1,27.6,189
Bhubaneswar-Zone1,324,30.6,21.8,169
Bhubaneswar-Zone1,325,15.9,22.2,223
Bhubaneswar-Zone1,326,10.9,25.6,191
Bhubaneswar-Zone1,327,11.3,23.1,199
Bhubaneswar-Zone1,328,7.4,22.3,221
Bhubaneswar-Zone1,329,4.7,22.6,183
Bhubaneswar-Zone1,330,5.2,22.1,196
Bhubaneswar-Zone1,331,12.4,19.3,186
Bhubaneswar-Zone1,332,0.5,18.8,198
Bhubaneswar-Zone1,333,1.0,25.1,197
Bhubaneswar-Zone1,334,0.4,21.7,189
Bhubaneswar-Zone1,335,0.3,21.4,203
Bhubaneswar-Zone1,336,15.5,20.9,172
Bhubaneswar-Zone1,337,9.7,22.6,207
Bhubaneswar-Zone1,338,5.1,26.0,205
Bhubaneswar-Zone1,339,0.8,21.9,192
Bhubaneswar-Zone1,340,5.4,19.6,189
Bhubaneswar-Zone1,341,5.1,20.5,200
Bhubaneswar-Zone1,342,1.5,22.8,187
Bhubaneswar-Zone1,343,4.6,19.5,224
Bhubaneswar-Zone1,344,4.1,22.3,202
Bhubaneswar-Zone1,345,7.7,15.9,200
Bhubaneswar-Zone1,346,8.1,20.0,204
Bhubaneswar-Zone1,347,0.4,21.7,191
Bhubaneswar-Zone1,348,3.8,22.9,213
Bhubaneswar-Zone1,349,7.9,18.7,195
Bhubaneswar-Zone1,350,5.6,17.3,210
Bhubaneswar-Zone1,351,15.5,19.7,185
Bhubaneswar-Zone1,352,8.6,18.0,213
Bhubaneswar-Zone1,353,1.4,19.9,205
Bhubaneswar-Zone1,354,0.6,20.1,232
Bhubaneswar-Zone1,355,8.2,17.5,188
Bhubaneswar-Zone1,356,0.2,21.7,203
Bhubaneswar-Zone1,357,7.1,19.8,179
Bhubaneswar-Zone1,358,22.5,22.2,174
Bhubaneswar-Zone1,359,6.9,16.3,204
Bhubaneswar-Zone1,360,3.9,18.0,214
Bhubaneswar-Zone1,361,8.2,21.0,238
Bhubaneswar-Zone1,362,4.9,18.4,195
Bhubaneswar-Zone1,363,6.3,19.7,181
Bhubaneswar-Zone1,364,22.7,20.0,193
Bhubaneswar-Zone2,0,46.9,20.1,180
Bhubaneswar-Zone2,1,31.4,21.1,168
Bhubaneswar-Zone2,2,10.4,19.9,195
Bhubaneswar-Zone2,3,3.8,21.0,201
Bhubaneswar-Zone2,4,11.1,20.2,187
Bhubaneswar-Zone2,5,2.6,16.1,207
Bhubaneswar-Zone2,6,2.2,18.2,191
Bhubaneswar-Zone2,7,4.4,19.8,210
Bhubaneswar-Zone2,8,7.0,17.7,174
Bhubaneswar-Zone2,9,18.2,21.4,187
Bhubaneswar-Zone2,10,12.4,23.2,219
Bhubaneswar-Zone2,11,12.9,22.7,175
Bhubaneswar-Zone2,12,6.4,19.8,185
Bhubaneswar-Zone2,13,5.4,23.3,203
Bhubaneswar-Zone2,14,5.7,20.6,198
Bhubaneswar-Zone2,15,37.2,19.7,176
Bhubaneswar-Zone2,16,2.3,19.2,205
Bhubaneswar-Zone2,17,18.1,19.9,195
Bhubaneswar-Zone2,18,8.9,19.8,210
Bhubaneswar-Zone2,19,6.6,20.9,201
Bhubaneswar-Zone2,20,12.3,21.0,187
Bhubaneswar-Zone2,21,7.3,20.7,204
Bhubaneswar-Zone2,22,18.5,21.7,214
Bhubaneswar-Zone2,23,20.5,23.2,182
Bhubaneswar-Zone2,24,6.4,22.8,180
Bhubaneswar-Zone2,25,4.6,18.0,213
Bhubaneswar-Zone2,26,9.2,16.0,191
Bhubaneswar-Zone2,27,21.5,23.0,150
Bhubaneswar-Zone2,28,3.9,18.5,210
Bhubaneswar-Zone2,29,9.8,20.9,184
Bhubaneswar-Zone2,30,10.0,19.1,111
Bhubaneswar-Zone2,31,12.6,17.9,115
Bhubaneswar-Zone2,32,3.1,22.7,120
Bhubaneswar-Zone2,33,12.1,23.2,121
Bhubaneswar-Zone2,34,21.2,20.6,97
Bhubaneswar-Zone2,35,3.6,16.7,125
Bhubaneswar-Zone2,36,4.2,20.9,113
Bhubaneswar-Zone2,37,30.4,22.9,107
Bhubaneswar-Zone2,38,3.6,19.2,126
Bhubaneswar-Zone2,39,17.4,22.7,92
Bhubaneswar-Zone2,40,7.4,22.4,130
Bhubaneswar-Zone2,41,4.3,23.7,109
Bhubaneswar-Zone2,42,18.4,22.9,117
Bhubaneswar-Zone2,43,6.7,20.8,120
Bhubaneswar-Zone2,44,7.8,25.3,141
Bhubaneswar-Zone2,45,5.6,22.7,112
Bhubaneswar-Zone2,46,9.2,23.1,107
Bhubaneswar-Zone2,47,3.4,21.4,117
Bhubaneswar-Zone2,48,6.0,22.5,111
Bhubaneswar-Zone2,49,29.9,21.7,108
Bhubaneswar-Zone2,50,4.4,23.3,92
Bhubaneswar-Zone2,51,10.6,27.2,96
Bhubaneswar-Zone2,52,5.1,21.2,100
Bhubaneswar-Zone2,53,13.9,20.8,123
Bhubaneswar-Zone2,54,3.1,27.1,143
Bhubaneswar-Zone2,55,30.0,23.9,94
Bhubaneswar-Zone2,56,6.8,23.1,112
Bhubaneswar-Zone2,57,4.2,26.7,118
Bhubaneswar-Zone2,58,2.6,23.6,135
Bhubaneswar-Zone2,59,3.5,28.6,103
Bhubaneswar-Zone2,60,7.9,26.4,117
Bhubaneswar-Zone2,61,5.3,24.2,130
Bhubaneswar-Zone2,62,16.1,29.7,115
Bhubaneswar-Zone2,63,6.5,24.3,118
Bhubaneswar-Zone2,64,4.3,27.2,132
Bhubaneswar-Zone2,65,9.7,26.4,72
Bhubaneswar-Zone2,66,11.8,28.6,121
Bhubaneswar-Zone2,67,3.5,29.3,107
Bhubaneswar-Zone2,68,3.5,26.4,90
Bhubaneswar-Zone2,69,2.3,25.0,126
Bhubaneswar-Zone2,70,12.7,27.5,130
Bhubaneswar-Zone2,71,10.7,25.4,109
Bhubaneswar-Zone2,72,7.1,31.0,129
Bhubaneswar-Zone2,73,16.9,27.4,131
Bhubaneswar-Zone2,74,15.1,26.5,128
Bhubaneswar-Zone2,75,9.0,27.8,137
Bhubaneswar-Zone2,76,18.2,24.9,117
Bhubaneswar-Zone2,77,3.8,25.8,118
Bhubaneswar-Zone2,78,2.9,30.3,94
Bhubaneswar-Zone2,79,4.5,26.8,113
Bhubaneswar-Zone2,80,2.5,26.2,105
Bhubaneswar-Zone2,81,8.1,29.5,146
Bhubaneswar-Zone2,82,24.1,31.0,98
Bhubaneswar-Zone2,83,2.3,30.2,120
Bhubaneswar-Zone2,84,3.0,31.0,126
Bhubaneswar-Zone2,85,6.8,27.6,115
Bhubaneswar-Zone2,86,23.7,26.5,126
Bhubaneswar-Zone2,87,5.0,32.5,107
Bhubaneswar-Zone2,88,7.7,29.0,117
Bhubaneswar-Zone2,89,2.3,29.3,107
Bhubaneswar-Zone2,90,3.3,32.7,98
Bhubaneswar-Zone2,91,36.5,31.3,82
Bhubaneswar-Zone2,92,28.8,31.3,96
Bhubaneswar-Zone2,93,2.0,34.8,112
Bhubaneswar-Zone2,94,26.3,29.4,89
Bhubaneswar-Zone2,95,10.2,32.7,91
Bhubaneswar-Zone2,96,18.2,31.1,104
Bhubaneswar-Zone2,97,6.9,31.7,92
Bhubaneswar-Zone2,98,7.8,34.4,125
Bhubaneswar-Zone2,99,7.4,32.6,115
Bhubaneswar-Zone2,100,10.8,32.8,90
Bhubaneswar-Zone2,101,3.2,34.0,113
Bhubaneswar-Zone2,102,2.2,31.3,107
Bhubaneswar-Zone2,103,4.9,30.5,121
Bhubaneswar-Zone2,104,11.8,30.3,131
Bhubaneswar-Zone2,105,3.8,28.6,89
Bhubaneswar-Zone2,106,11.0,36.8,113
Bhubaneswar-Zone2,107,30.0,30.7,94
Bhubaneswar-Zone2,108,2.8,32.6,128
Bhubaneswar-Zone2,109,10.9,32.7,114
Bhubaneswar-Zone2,110,6.7,34.0,103
Bhubaneswar-Zone2,111,18.2,35.2,101
Bhubaneswar-Zone2,112,3.6,35.4,105
Bhubaneswar-Zone2,113,11.4,32.7,127
Bhubaneswar-Zone2,114,16.6,33.7,107
Bhubaneswar-Zone2,115,25.1,34.7,128
Bhubaneswar-Zone2,116,11.2,33.8,110
Bhubaneswar-Zone2,117,7.5,37.7,103
Bhubaneswar-Zone2,118,9.7,35.6,90
Bhubaneswar-Zone2,119,18.3,36.3,78
Bhubaneswar-Zone2,120,8.8,36.3,89
Bhubaneswar-Zone2,121,2.2,37.4,122
Bhubaneswar-Zone2,122,23.4,35.6,109
Bhubaneswar-Zone2,123,11.4,32.8,87
Bhubaneswar-Zone2,124,11.0,36.3,125
Bhubaneswar-Zone2,125,3.9,34.4,110
Bhubaneswar-Zone2,126,10.6,34.8,114
Bhubaneswar-Zone2,127,6.0,37.1,139
Bhubaneswar-Zone2,128,10.4,38.6,125
Bhubaneswar-Zone2,129,2.9,36.3,114
Bhubaneswar-Zone2,130,10.6,37.0,98
Bhubaneswar-Zone2,131,61.5,39.9,38
Bhubaneswar-Zone2,132,2.4,37.1,107
Bhubaneswar-Zone2,133,32.2,41.9,91
Bhubaneswar-Zone2,134,6.2,38.0,100
Bhubaneswar-Zone2,135,18.4,33.5,103
Bhubaneswar-Zone2,136,14.2,38.6,110
Bhubaneswar-Zone2,137,8.7,38.0,110
Bhubaneswar-Zone2,138,12.7,39.9,100
Bhubaneswar-Zone2,139,18.9,38.8,107
Bhubaneswar-Zone2,140,6.1,37.3,122
Bhubaneswar-Zone2,141,5.2,35.2,100
Bhubaneswar-Zone2,142,10.8,37.4,133
Bhubaneswar-Zone2,143,15.2,36.2,106
Bhubaneswar-Zone2,144,13.5,36.9,109
Bhubaneswar-Zone2,145,14.8,39.3,119
Bhubaneswar-Zone2,146,6.6,41.6,118
Bhubaneswar-Zone2,147,15.6,39.1,122
Bhubaneswar-Zone2,148,3.0,36.0,122
Bhubaneswar-Zone2,149,8.3,39.4,104
Bhubaneswar-Zone2,150,2.0,41.0,124
Bhubaneswar-Zone2,151,5.8,37.5,98
Bhubaneswar-Zone2,152,7.0,38.5,116
Bhubaneswar-Zone2,153,8.1,38.9,113
Bhubaneswar-Zone2,154,14.3,37.4,105
Bhubaneswar-Zone2,155,9.4,40.3,111
Bhubaneswar-Zone2,156,10.9,38.8,83
Bhubaneswar-Zone2,157,9.0,40.0,105
Bhubaneswar-Zone2,158,11.2,37.4,112
Bhubaneswar-Zone2,159,10.2,38.4,114
Bhubaneswar-Zone2,160,9.5,40.8,97
Bhubaneswar-Zone2,161,16.9,38.7,125
Bhubaneswar-Zone2,162,19.0,42.9,92
Bhubaneswar-Zone2,163,18.6,38.7,120
Bhubaneswar-Zone2,164,16.5,40.0,113
Bhubaneswar-Zone2,165,16.0,41.5,97
Bhubaneswar-Zone2,166,28.8,36.8,124
Bhubaneswar-Zone2,167,19.4,36.2,87
Bhubaneswar-Zone2,168,19.4,36.7,118
Bhubaneswar-Zone2,169,15.1,42.3,123
Bhubaneswar-Zone2,170,18.8,38.7,95
Bhubaneswar-Zone2,171,20.0,45.0,125
Bhubaneswar-Zone2,172,20.9,38.7,100
Bhubaneswar-Zone2,173,24.4,40.3,105
Bhubaneswar-Zone2,174,24.2,43.0,105
Bhubaneswar-Zone2,175,26.2,44.0,97
Bhubaneswar-Zone2,176,30.9,44.1,107
Bhubaneswar-Zone2,177,33.3,42.4,105
Bhubaneswar-Zone2,178,30.7,42.0,69
Bhubaneswar-Zone2,179,46.1,41.2,103
Bhubaneswar-Zone2,180,21.9,41.6,78
Bhubaneswar-Zone2,181,24.1,38.9,116
Bhubaneswar-Zone2,182,23.0,38.4,119
Bhubaneswar-Zone2,183,31.9,40.0,78
Bhubaneswar-Zone2,184,42.4,39.6,80
Bhubaneswar-Zone2,185,26.9,39.1,82
Bhubaneswar-Zone2,186,46.2,41.4,80
Bhubaneswar-Zone2,187,26.3,41.9,94
Bhubaneswar-Zone2,188,48.1,40.1,93
Bhubaneswar-Zone2,189,30.3,42.9,115
Bhubaneswar-Zone2,190,28.3,37.6,118
Bhubaneswar-Zone2,191,33.3,39.5,85
Bhubaneswar-Zone2,192,30.8,38.4,92
Bhubaneswar-Zone2,193,31.7,36.1,69
Bhubaneswar-Zone2,194,32.4,39.6,82
Bhubaneswar-Zone2,195,43.0,39.5,100
Bhubaneswar-Zone2,196,36.7,42.7,115
Bhubaneswar-Zone2,197,33.9,40.9,74
Bhubaneswar-Zone2,198,39.0,37.5,80
Bhubaneswar-Zone2,199,42.0,43.2,86
Bhubaneswar-Zone2,200,34.9,41.9,96
Bhubaneswar-Zone2,201,37.0,40.6,78
Bhubaneswar-Zone2,202,34.3,38.9,99
Bhubaneswar-Zone2,203,35.2,37.4,85
Bhubaneswar-Zone2,204,43.2,38.5,85
Bhubaneswar-Zone2,205,36.1,41.4,99
Bhubaneswar-Zone2,206,40.8,42.9,87
Bhubaneswar-Zone2,207,45.1,42.1,77
Bhubaneswar-Zone2,208,36.5,38.0,89
Bhubaneswar-Zone2,209,42.7,36.6,85
Bhubaneswar-Zone2,210,38.7,39.1,83
Bhubaneswar-Zone2,211,63.1,35.2,66
Bhubaneswar-Zone2,212,42.3,39.3,110
Bhubaneswar-Zone2,213,50.5,38.2,88
Bhubaneswar-Zone2,214,44.1,37.5,80
Bhubaneswar-Zone2,215,38.3,35.2,100
Bhubaneswar-Zone2,216,46.3,39.3,78
Bhubaneswar-Zone2,217,62.8,37.1,87
Bhubaneswar-Zone2,218,46.2,35.7,89
Bhubaneswar-Zone2,219,52.8,32.2,76
Bhubaneswar-Zone2,220,56.6,37.8,81
Bhubaneswar-Zone2,221,41.7,41.3,63
Bhubaneswar-Zone2,222,41.7,41.0,70
Bhubaneswar-Zone2,223,47.6,36.6,64
Bhubaneswar-Zone2,224,44.5,36.2,87
Bhubaneswar-Zone2,225,55.1,38.2,102
Bhubaneswar-Zone2,226,59.1,35.2,106
Bhubaneswar-Zone2,227,44.3,37.7,94
Bhubaneswar-Zone2,228,43.1,38.5,93
Bhubaneswar-Zone2,229,53.2,39.3,50
Bhubaneswar-Zone2,230,43.8,36.5,77
Bhubaneswar-Zone2,231,55.2,36.1,64
Bhubaneswar-Zone2,232,45.9,34.7,74
Bhubaneswar-Zone2,233,50.4,34.6,77
Bhubaneswar-Zone2,234,42.5,35.7,79
Bhubaneswar-Zone2,235,49.6,36.8,51
Bhubaneswar-Zone2,236,46.6,37.7,94
Bhubaneswar-Zone2,237,49.0,34.1,65
Bhubaneswar-Zone2,238,43.4,38.6,89
Bhubaneswar-Zone2,239,52.7,34.9,109
Bhubaneswar-Zone2,240,57.9,35.3,60
Bhubaneswar-Zone2,241,44.0,33.7,47
Bhubaneswar-Zone2,242,42.8,30.2,81
Bhubaneswar-Zone2,243,42.2,36.6,103
Bhubaneswar-Zone2,244,50.2,36.2,109
Bhubaneswar-Zone2,245,49.4,34.0,62
Bhubaneswar-Zone2,246,48.2,34.5,89
Bhubaneswar-Zone2,247,43.9,35.3,78
Bhubaneswar-Zone2,248,45.7,31.0,82
Bhubaneswar-Zone2,249,48.9,32.9,121
Bhubaneswar-Zone2,250,47.0,35.4,60
Bhubaneswar-Zone2,251,76.7,31.1,62
Bhubaneswar-Zone2,252,42.5,34.0,93
Bhubaneswar-Zone2,253,50.7,30.6,96
Bhubaneswar-Zone2,254,45.2,34.1,85
Bhubaneswar-Zone2,255,45.4,32.9,88
Bhubaneswar-Zone2,256,50.8,29.6,73
Bhubaneswar-Zone2,257,50.0,35.0,84
Bhubaneswar-Zone2,258,78.3,31.0,52
Bhubaneswar-Zone2,259,41.2,30.7,96
Bhubaneswar-Zone2,260,40.8,32.5,82
Bhubaneswar-Zone2,261,50.0,34.3,86
Bhubaneswar-Zone2,262,46.4,29.8,82
Bhubaneswar-Zone2,263,41.8,31.8,103
Bhubaneswar-Zone2,264,39.6,32.3,88
Bhubaneswar-Zone2,265,39.4,32.7,62
Bhubaneswar-Zone2,266,56.4,31.5,94
Bhubaneswar-Zone2,267,39.8,30.2,75
Bhubaneswar-Zone2,268,41.0,29.1,77
Bhubaneswar-Zone2,269,39.6,30.8,79
Bhubaneswar-Zone2,270,40.7,28.3,108
Bhubaneswar-Zone2,271,37.4,24.4,138
Bhubaneswar-Zone2,272,42.4,31.0,213
Bhubaneswar-Zone2,273,36.7,31.7,186
Bhubaneswar-Zone2,274,48.7,25.0,164
Bhubaneswar-Zone2,275,37.6,27.6,169
Bhubaneswar-Zone2,276,41.3,30.6,171
Bhubaneswar-Zone2,277,51.6,33.3,167
Bhubaneswar-Zone2,278,42.7,29.1,176
Bhubaneswar-Zone2,279,39.9,27.4,176
Bhubaneswar-Zone2,280,36.6,28.3,172
Bhubaneswar-Zone2,281,36.2,31.3,168
Bhubaneswar-Zone2,282,41.4,27.1,165
Bhubaneswar-Zone2,283,73.2,26.6,138
Bhubaneswar-Zone2,284,40.3,27.1,185
Bhubaneswar-Zone2,285,37.7,26.0,179
Bhubaneswar-Zone2,286,41.2,27.9,123
Bhubaneswar-Zone2,287,35.2,30.8,182
Bhubaneswar-Zone2,288,30.2,28.0,179
Bhubaneswar-Zone2,289,35.8,26.7,171
Bhubaneswar-Zone2,290,54.0,26.4,151
Bhubaneswar-Zone2,291,29.7,23.7,193
Bhubaneswar-Zone2,292,37.1,28.5,185
Bhubaneswar-Zone2,293,28.9,26.4,165
Bhubaneswar-Zone2,294,32.8,26.0,180
Bhubaneswar-Zone2,295,26.9,32.6,164
Bhubaneswar-Zone2,296,30.3,26.7,155
Bhubaneswar-Zone2,297,36.2,24.4,162
Bhubaneswar-Zone2,298,27.8,24.9,191
Bhubaneswar-Zone2,299,32.6,27.9,188
Bhubaneswar-Zone2,300,35.9,25.7,179
Bhubaneswar-Zone2,301,43.6,22.4,176
Bhubaneswar-Zone2,302,24.2,27.0,188
Bhubaneswar-Zone2,303,25.5,23.7,170
Bhubaneswar-Zone2,304,22.2,28.6,189
Bhubaneswar-Zone2,305,59.4,26.9,165
Bhubaneswar-Zone2,306,40.6,23.7,179
Bhubaneswar-Zone2,307,25.2,27.0,198
Bhubaneswar-Zone2,308,33.1,24.4,184
Bhubaneswar-Zone2,309,23.6,25.8,186
Bhubaneswar-Zone2,310,24.9,25.0,196
Bhubaneswar-Zone2,311,17.2,22.2,186
Bhubaneswar-Zone2,312,27.1,22.4,165
Bhubaneswar-Zone2,313,16.3,25.6,185
Bhubaneswar-Zone2,314,28.5,22.8,166
Bhubaneswar-Zone2,315,26.1,22.5,169
Bhubaneswar-Zone2,316,23.1,21.3,179
Bhubaneswar-Zone2,317,12.8,23.9,178
Bhubaneswar-Zone2,318,14.8,27.1,184
Bhubaneswar-Zone2,319,13.7,20.7,161
Bhubaneswar-Zone2,320,14.1,22.8,192
Bhubaneswar-Zone2,321,10.6,25.4,192
Bhubaneswar-Zone2,322,31.3,22.3,163
Bhubaneswar-Zone2,323,15.0,23.3,198
Bhubaneswar-Zone2,324,10.7,20.1,205
Bhubaneswar-Zone2,325,11.2,23.0,167
Bhubaneswar-Zone2,326,11.2,21.7,180
Bhubaneswar-Zone2,327,13.1,23.9,178
Bhubaneswar-Zone2,328,10.9,24.2,177
Bhubaneswar-Zone2,329,24.6,26.9,193
Bhubaneswar-Zone2,330,9.2,22.8,190
Bhubaneswar-Zone2,331,41.8,22.2,163
Bhubaneswar-Zone2,332,17.6,21.8,156
Bhubaneswar-Zone2,333,3.9,20.7,206
Bhubaneswar-Zone2,334,23.3,22.0,163
Bhubaneswar-Zone2,335,3.0,20.6,199
Bhubaneswar-Zone2,336,15.6,21.5,192
Bhubaneswar-Zone2,337,5.8,23.7,216
Bhubaneswar-Zone2,338,18.8,19.0,165
Bhubaneswar-Zone2,339,18.2,23.2,140
Bhubaneswar-Zone2,340,15.1,23.5,191
Bhubaneswar-Zone2,341,14.5,20.5,215
Bhubaneswar-Zone2,342,4.9,16.4,215
Bhubaneswar-Zone2,343,2.7,19.4,201
Bhubaneswar-Zone2,344,6.1,23.2,188
Bhubaneswar-Zone2,345,3.5,20.5,209
Bhubaneswar-Zone2,346,11.5,18.5,176
Bhubaneswar-Zone2,347,5.4,19.4,203
Bhubaneswar-Zone2,348,31.7,22.0,182
Bhubaneswar-Zone2,349,10.2,21.4,208
Bhubaneswar-Zone2,350,15.8,19.8,229
Bhubaneswar-Zone2,351,3.1,19.5,203
Bhubaneswar-Zone2,352,17.8,19.4,178
Bhubaneswar-Zone2,353,22.5,18.3,182
Bhubaneswar-Zone2,354,7.3,23.4,168
Bhubaneswar-Zone2,355,9.5,19.5,182
Bhubaneswar-Zone2,356,13.6,22.5,183
Bhubaneswar-Zone2,357,3.5,23.1,189
Bhubaneswar-Zone2,358,7.6,22.0,196
Bhubaneswar-Zone2,359,6.1,19.2,183
Bhubaneswar-Zone2,360,3.3,20.8,214
Bhubaneswar-Zone2,361,5.7,20.0,195
Bhubaneswar-Zone2,362,2.6,18.2,198
Bhubaneswar-Zone2,363,2.2,20.6,193
Bhubaneswar-Zone2,364,3.2,17.6,200
Cuttack-Zone1,0,11.6,19.9,182
Cuttack-Zone1,1,0.0,20.9,211
Cuttack-Zone1,2,0.0,21.6,202
Cuttack-Zone1,3,7.8,18.0,191
Cuttack-Zone1,4,0.0,20.4,208
Cuttack-Zone1,5,0.0,22.7,178
Cuttack-Zone1,6,0.6,23.7,202
Cuttack-Zone1,7,0.0,20.2,217
Cuttack-Zone1,8,11.8,19.7,199
Cuttack-Zone1,9,0.0,20.7,210
Cuttack-Zone1,10,9.4,20.7,216
Cuttack-Zone1,11,14.8,23.0,187
Cuttack-Zone1,12,1.6,18.3,189
Cuttack-Zone1,13,16.3,19.7,205
Cuttack-Zone1,14,0.8,18.1,217
Cuttack-Zone1,15,23.6,18.4,189
Cuttack-Zone1,16,0.0,21.2,198
Cuttack-Zone1,17,6.3,22.1,195
Cuttack-Zone1,18,2.4,19.2,179
Cuttack-Zone1,19,0.9,22.1,216
Cuttack-Zone1,20,5.0,22.9,212
Cuttack-Zone1,21,6.7,24.6,175
Cuttack-Zone1,22,0.0,20.9,213
Cuttack-Zone1,23,0.0,19.6,206
Cuttack-Zone1,24,7.0,18.9,179
Cuttack-Zone1,25,5.8,18.8,177
Cuttack-Zone1,26,24.1,23.6,186
Cuttack-Zone1,27,8.5,18.1,187
Cuttack-Zone1,28,21.1,23.7,210
Cuttack-Zone1,29,6.7,19.6,209
Cuttack-Zone1,30,0.0,20.0,127
Cuttack-Zone1,31,0.0,21.2,128
Cuttack-Zone1,32,9.2,20.2,133
Cuttack-Zone1,33,5.3,23.6,128
Cuttack-Zone1,34,0.0,25.4,127
Cuttack-Zone1,35,0.6,20.6,105
Cuttack-Zone1,36,22.1,21.1,148
Cuttack-Zone1,37,2.6,21.8,101
Cuttack-Zone1,38,1.5,23.3,114
Cuttack-Zone1,39,1.9,22.0,94
Cuttack-Zone1,40,0.0,25.2,128
Cuttack-Zone1,41,0.7,24.8,122
Cuttack-Zone1,42,0.7,20.3,131
Cuttack-Zone1,43,0.0,23.8,94
Cuttack-Zone1,44,8.7,25.9,130
Cuttack-Zone1,45,1.3,22.0,107
Cuttack-Zone1,46,10.8,22.5,109
Cuttack-Zone1,47,12.2,22.2,124
Cuttack-Zone1,48,0.0,22.4,124
Cuttack-Zone1,49,5.6,20.2,121
Cuttack-Zone1,50,2.1,21.0,130
Cuttack-Zone1,51,14.0,23.9,115
Cuttack-Zone1,52,0.0,26.9,115
Cuttack-Zone1,53,6.1,22.8,113
Cuttack-Zone1,54,4.5,22.9,120
Cuttack-Zone1,55,0.0,27.7,107
Cuttack-Zone1,56,0.0,22.3,135
Cuttack-Zone1,57,5.4,21.3,120
Cuttack-Zone1,58,7.7,23.1,115
Cuttack-Zone1,59,0.0,23.6,138
Cuttack-Zone1,60,5.3,21.6,114
Cuttack-Zone1,61,1.0,25.0,116
Cuttack-Zone1,62,7.0,27.3,107
Cuttack-Zone1,63,0.0,22.9,125
Cuttack-Zone1,64,14.7,25.8,113
Cuttack-Zone1,65,0.0,26.6,110
Cuttack-Zone1,66,0.7,25.8,117
Cuttack-Zone1,67,0.0,26.5,110
Cuttack-Zone1,68,0.0,26.7,109
Cuttack-Zone1,69,2.8,24.8,92
Cuttack-Zone1,70,0.0,29.6,117
Cuttack-Zone1,71,11.4,29.3,85
Cuttack-Zone1,72,0.0,29.3,113
Cuttack-Zone1,73,0.8,29.1,110
Cuttack-Zone1,74,0.3,24.1,136
Cuttack-Zone1,75,0.0,29.3,105
Cuttack-Zone1,76,0.0,28.9,109
Cuttack-Zone1,77,1.3,24.7,113
Cuttack-Zone1,78,2.4,27.5,109
Cuttack-Zone1,79,1.1,28.7,140
Cuttack-Zone1,80,3.1,31.6,100
Cuttack-Zone1,81,4.2,29.9,111
Cuttack-Zone1,82,0.0,26.9,125
Cuttack-Zone1,83,2.0,32.2,132
Cuttack-Zone1,84,23.5,29.1,96
Cuttack-Zone1,85,2.9,28.6,89
Cuttack-Zone1,86,6.1,28.7,113
Cuttack-Zone1,87,0.0,26.2,140
Cuttack-Zone1,88,8.9,29.4,117
Cuttack-Zone1,89,8.9,30.8,116
Cuttack-Zone1,90,2.9,29.2,102
Cuttack-Zone1,91,26.8,31.0,81
Cuttack-Zone1,92,0.0,28.6,120
Cuttack-Zone1,93,0.0,30.2,99
Cuttack-Zone1,94,8.8,31.3,125
Cuttack-Zone1,95,10.2,31.2,99
Cuttack-Zone1,96,0.0,27.8,120
Cuttack-Zone1,97,0.0,30.3,92
Cuttack-Zone1,98,0.0,34.7,114
Cuttack-Zone1,99,0.0,30.6,102
Cuttack-Zone1,100,8.9,31.7,78
Cuttack-Zone1,101,2.8,31.7,126
Cuttack-Zone1,102,0.4,35.2,144
Cuttack-Zone1,103,0.7,34.8,136
Cuttack-Zone1,104,0.0,34.0,130
Cuttack-Zone1,105,0.0,30.6,114
Cuttack-Zone1,106,5.3,33.4,128
Cuttack-Zone1,107,26.3,34.0,117
Cuttack-Zone1,108,12.0,31.7,112
Cuttack-Zone1,109,0.0,31.5,102
Cuttack-Zone1,110,15.3,36.8,100
Cuttack-Zone1,111,9.2,32.9,138
Cuttack-Zone1,112,9.1,36.9,112
Cuttack-Zone1,113,1.9,35.9,69
Cuttack-Zone1,114,1.1,34.8,97
Cuttack-Zone1,115,0.0,35.1,114
Cuttack-Zone1,116,0.0,31.5,136
Cuttack-Zone1,117,0.0,34.9,116
Cuttack-Zone1,118,0.0,37.5,136
Cuttack-Zone1,119,2.3,36.2,110
Cuttack-Zone1,120,8.0,35.2,84
Cuttack-Zone1,121,2.1,38.5,111
Cuttack-Zone1,122,0.0,34.9,125
Cuttack-Zone1,123,22.3,34.1,106
Cuttack-Zone1,124,19.9,35.8,85
Cuttack-Zone1,125,9.3,37.2,107
Cuttack-Zone1,126,35.0,32.4,132
Cuttack-Zone1,127,3.3,36.5,99
Cuttack-Zone1,128,23.3,37.7,111
Cuttack-Zone1,129,0.0,35.7,89
Cuttack-Zone1,130,0.6,38.6,132
Cuttack-Zone1,131,0.0,37.8,107
Cuttack-Zone1,132,0.0,40.9,126
Cuttack-Zone1,133,0.0,35.2,101
Cuttack-Zone1,134,4.8,38.5,121
Cuttack-Zone1,135,9.2,35.0,99
Cuttack-Zone1,136,3.9,33.9,106
Cuttack-Zone1,137,0.0,33.2,127
Cuttack-Zone1,138,10.3,38.4,105
Cuttack-Zone1,139,5.1,37.8,122
Cuttack-Zone1,140,0.9,36.6,116
Cuttack-Zone1,141,6.0,34.1,116
Cuttack-Zone1,142,0.0,36.4,127
Cuttack-Zone1,143,0.4,37.9,114
Cuttack-Zone1,144,17.0,39.6,91
Cuttack-Zone1,145,0.0,38.1,112
Cuttack-Zone1,146,2.1,38.7,136
Cuttack-Zone1,147,14.7,37.6,110
Cuttack-Zone1,148,6.8,41.9,102
Cuttack-Zone1,149,0.0,36.5,126
Cuttack-Zone1,150,0.0,37.2,127
Cuttack-Zone1,151,0.0,37.7,128
Cuttack-Zone1,152,6.4,39.8,100
Cuttack-Zone1,153,3.8,36.8,107
Cuttack-Zone1,154,0.9,39.2,109
Cuttack-Zone1,155,25.8,39.3,94
Cuttack-Zone1,156,7.2,37.7,122
Cuttack-Zone1,157,4.0,39.8,121
Cuttack-Zone1,158,8.0,37.2,119
Cuttack-Zone1,159,12.3,37.0,130
Cuttack-Zone1,160,4.5,39.5,127
Cuttack-Zone1,161,7.1,36.1,112
Cuttack-Zone1,162,18.4,35.2,88
Cuttack-Zone1,163,10.8,40.6,101
Cuttack-Zone1,164,12.9,41.7,106
Cuttack-Zone1,165,11.8,38.7,123
Cuttack-Zone1,166,8.2,38.3,113
Cuttack-Zone1,167,10.0,41.7,102
Cuttack-Zone1,168,13.9,37.4,98
Cuttack-Zone1,169,11.7,37.1,110
Cuttack-Zone1,170,10.9,41.2,125
Cuttack-Zone1,171,26.0,39.9,123
Cuttack-Zone1,172,43.6,42.0,82
Cuttack-Zone1,173,25.0,35.6,99
Cuttack-Zone1,174,28.4,37.1,79
Cuttack-Zone1,175,15.9,40.0,136
Cuttack-Zone1,176,40.2,40.8,67
Cuttack-Zone1,177,16.7,41.7,124
Cuttack-Zone1,178,39.7,40.3,83
Cuttack-Zone1,179,58.3,40.3,64
Cuttack-Zone1,180,26.7,39.2,82
Cuttack-Zone1,181,49.1,43.2,117
Cuttack-Zone1,182,24.7,37.8,104
Cuttack-Zone1,183,20.9,40.7,104
Cuttack-Zone1,184,23.7,38.0,114
Cuttack-Zone1,185,26.9,41.0,89
Cuttack-Zone1,186,20.8,37.9,103
Cuttack-Zone1,187,28.6,41.4,98
Cuttack-Zone1,188,53.1,40.2,70
Cuttack-Zone1,189,23.6,43.4,119
Cuttack-Zone1,190,35.0,39.3,89
Cuttack-Zone1,191,42.0,40.7,63
Cuttack-Zone1,192,46.5,38.3,78
Cuttack-Zone1,193,49.8,39.2,84
Cuttack-Zone1,194,30.4,40.0,82
Cuttack-Zone1,195,55.3,36.7,64
Cuttack-Zone1,196,36.8,36.8,82
Cuttack-Zone1,197,27.4,40.8,116
Cuttack-Zone1,198,31.6,39.3,87
Cuttack-Zone1,199,37.0,38.4,112
Cuttack-Zone1,200,29.6,38.0,87
Cuttack-Zone1,201,36.0,38.0,96
Cuttack-Zone1,202,37.0,39.6,84
Cuttack-Zone1,203,30.1,40.2,107
Cuttack-Zone1,204,35.7,35.1,75
Cuttack-Zone1,205,41.3,42.0,98
Cuttack-Zone1,206,35.4,41.8,93
Cuttack-Zone1,207,30.3,34.4,86
Cuttack-Zone1,208,30.7,41.1,93
Cuttack-Zone1,209,34.5,41.0,115
Cuttack-Zone1,210,52.2,38.8,80
Cuttack-Zone1,211,33.8,36.1,82
Cuttack-Zone1,212,40.1,40.7,70
Cuttack-Zone1,213,34.4,38.1,100
Cuttack-Zone1,214,35.8,39.6,94
Cuttack-Zone1,215,48.1,42.8,92
Cuttack-Zone1,216,43.7,38.8,63
Cuttack-Zone1,217,34.4,36.3,75
Cuttack-Zone1,218,38.3,37.4,107
Cuttack-Zone1,219,34.3,36.4,97
Cuttack-Zone1,220,39.6,38.7,96
Cuttack-Zone1,221,43.3,36.1,71
Cuttack-Zone1,222,35.8,36.7,77
Cuttack-Zone1,223,37.8,35.0,105
Cuttack-Zone1,224,39.3,37.1,104
Cuttack-Zone1,225,55.6,37.6,59
Cuttack-Zone1,226,75.6,31.8,40
Cuttack-Zone1,227,36.2,37.6,89
Cuttack-Zone1,228,47.4,36.8,70
Cuttack-Zone1,229,39.8,35.3,76
Cuttack-Zone1,230,40.2,40.7,69
Cuttack-Zone1,231,47.6,38.5,75
Cuttack-Zone1,232,56.5,34.2,57
Cuttack-Zone1,233,60.7,38.0,55
Cuttack-Zone1,234,43.6,38.6,90
Cuttack-Zone1,235,40.3,36.3,87
Cuttack-Zone1,236,49.2,36.6,88
Cuttack-Zone1,237,39.2,36.4,64
Cuttack-Zone1,238,43.6,31.4,85
Cuttack-Zone1,239,40.5,35.1,119
Cuttack-Zone1,240,45.5,34.8,78
Cuttack-Zone1,241,39.2,38.0,101
Cuttack-Zone1,242,38.7,35.7,101
Cuttack-Zone1,243,57.0,34.3,87
Cuttack-Zone1,244,37.8,34.5,92
Cuttack-Zone1,245,42.6,36.6,94
Cuttack-Zone1,246,38.9,34.0,99
Cuttack-Zone1,247,37.1,32.9,100
Cuttack-Zone1,248,37.0,33.5,74
Cuttack-Zone1,249,38.2,35.8,64
Cuttack-Zone1,250,52.7,34.8,55
Cuttack-Zone1,251,39.1,33.7,85
Cuttack-Zone1,252,60.4,33.8,81
Cuttack-Zone1,253,43.2,32.2,69
Cuttack-Zone1,254,40.6,32.7,101
Cuttack-Zone1,255,42.8,31.6,78
Cuttack-Zone1,256,41.5,32.2,79
Cuttack-Zone1,257,46.9,35.3,70
Cuttack-Zone1,258,38.0,30.3,61
Cuttack-Zone1,259,38.6,30.9,93
Cuttack-Zone1,260,52.9,29.6,103
Cuttack-Zone1,261,58.1,29.0,73
Cuttack-Zone1,262,52.3,31.4,50
Cuttack-Zone1,263,38.6,30.4,101
Cuttack-Zone1,264,46.1,35.0,59
Cuttack-Zone1,265,38.9,30.7,71
Cuttack-Zone1,266,38.9,33.7,85
Cuttack-Zone1,267,35.0,32.9,94
Cuttack-Zone1,268,40.0,30.4,73
Cuttack-Zone1,269,34.2,34.8,89
Cuttack-Zone1,270,35.4,31.0,102
Cuttack-Zone1,271,47.3,33.3,175
Cuttack-Zone1,272,33.4,32.9,192
Cuttack-Zone1,273,31.8,30.7,203
Cuttack-Zone1,274,31.4,31.2,187
Cuttack-Zone1,275,53.0,30.8,154
Cuttack-Zone1,276,35.7,27.1,184
Cuttack-Zone1,277,33.9,29.3,180
Cuttack-Zone1,278,42.6,31.2,174
Cuttack-Zone1,279,43.3,31.9,168
Cuttack-Zone1,280,31.7,27.3,161
Cuttack-Zone1,281,37.5,29.6,155
Cuttack-Zone1,282,39.4,28.7,167
Cuttack-Zone1,283,35.6,28.0,174
Cuttack-Zone1,284,28.0,28.7,167
Cuttack-Zone1,285,42.9,28.3,172
Cuttack-Zone1,286,31.9,28.8,206
Cuttack-Zone1,287,27.9,30.4,152
Cuttack-Zone1,288,29.2,28.9,185
Cuttack-Zone1,289,24.5,27.8,179
Cuttack-Zone1,290,24.8,30.8,187
Cuttack-Zone1,291,34.8,29.1,166
Cuttack-Zone1,292,22.7,26.5,180
Cuttack-Zone1,293,26.5,24.1,181
Cuttack-Zone1,294,27.5,24.4,173
Cuttack-Zone1,295,21.5,28.1,160
Cuttack-Zone1,296,49.4,24.8,157
Cuttack-Zone1,297,22.0,23.9,161
Cuttack-Zone1,298,22.3,24.2,192
Cuttack-Zone1,299,21.7,24.2,155
Cuttack-Zone1,300,20.3,27.1,199
Cuttack-Zone1,301,17.7,25.0,192
Cuttack-Zone1,302,27.5,22.4,184
Cuttack-Zone1,303,43.7,25.0,133
Cuttack-Zone1,304,17.9,25.3,181
Cuttack-Zone1,305,23.9,23.7,198
Cuttack-Zone1,306,25.5,26.9,172
Cuttack-Zone1,307,29.1,23.6,161
Cuttack-Zone1,308,17.8,26.5,176
Cuttack-Zone1,309,15.6,25.3,186
Cuttack-Zone1,310,15.3,25.8,175
Cuttack-Zone1,311,21.4,21.7,201
Cuttack-Zone1,312,24.4,23.9,180
Cuttack-Zone1,313,11.8,23.5,182
Cuttack-Zone1,314,13.2,20.6,170
Cuttack-Zone1,315,27.4,25.5,185
Cuttack-Zone1,316,21.4,21.6,190
Cuttack-Zone1,317,41.1,21.8,155
Cuttack-Zone1,318,18.1,20.9,152
Cuttack-Zone1,319,10.2,24.2,198
Cuttack-Zone1,320,12.7,19.7,187
Cuttack-Zone1,321,13.5,23.8,194
Cuttack-Zone1,322,4.8,24.6,225
Cuttack-Zone1,323,9.8,23.4,192
Cuttack-Zone1,324,12.7,23.7,182
Cuttack-Zone1,325,3.6,23.7,180
Cuttack-Zone1,326,13.6,20.1,184
Cuttack-Zone1,327,7.8,24.8,196
Cuttack-Zone1,328,24.4,20.9,181
Cuttack-Zone1,329,0.0,21.6,226
Cuttack-Zone1,330,1.2,21.0,207
Cuttack-Zone1,331,5.4,22.5,194
Cuttack-Zone1,332,0.2,20.4,189
Cuttack-Zone1,333,7.0,21.5,198
Cuttack-Zone1,334,8.4,18.8,180
Cuttack-Zone1,335,0.0,23.5,203
Cuttack-Zone1,336,2.8,22.5,205
Cuttack-Zone1,337,2.7,20.5,195
Cuttack-Zone1,338,0.7,20.0,190
Cuttack-Zone1,339,18.6,22.2,152
Cuttack-Zone1,340,11.1,19.4,208
Cuttack-Zone1,341,6.6,21.0,201
Cuttack-Zone1,342,7.0,23.0,201
Cuttack-Zone1,343,2.0,19.0,175
Cuttack-Zone1,344,17.3,21.3,207
Cuttack-Zone1,345,6.5,21.1,188
Cuttack-Zone1,346,7.4,20.3,190
Cuttack-Zone1,347,12.8,19.4,174
Cuttack-Zone1,348,0.0,22.8,173
Cuttack-Zone1,349,10.2,19.1,209
Cuttack-Zone1,350,0.0,16.7,219
Cuttack-Zone1,351,0.4,21.5,197
Cuttack-Zone1,352,0.3,17.8,190
Cuttack-Zone1,353,27.7,21.6,172
Cuttack-Zone1,354,12.5,22.8,185
Cuttack-Zone1,355,6.7,21.4,177
Cuttack-Zone1,356,7.4,22.2,190
Cuttack-Zone1,357,3.6,24.1,199
Cuttack-Zone1,358,20.5,22.0,199
Cuttack-Zone1,359,2.5,20.7,198
Cuttack-Zone1,360,0.8,23.3,176
Cuttack-Zone1,361,0.0,23.5,205
Cuttack-Zone1,362,9.3,23.5,189
Cuttack-Zone1,363,7.6,19.0,214
Cuttack-Zone1,364,0.9,17.3,221
Rourkela-Zone1,0,0.0,20.9,173
Rourkela-Zone1,1,3.2,18.0,188
Rourkela-Zone1,2,0.0,17.7,209
Rourkela-Zone1,3,1.1,16.7,207
Rourkela-Zone1,4,0.0,16.5,216
Rourkela-Zone1,5,2.5,17.3,180
Rourkela-Zone1,6,5.9,18.7,161
Rourkela-Zone1,7,0.0,24.0,213
Rourkela-Zone1,8,6.3,19.1,183
Rourkela-Zone1,9,0.0,20.5,170
Rourkela-Zone1,10,6.9,21.0,197
Rourkela-Zone1,11,0.0,20.5,212
Rourkela-Zone1,12,0.0,20.1,198
Rourkela-Zone1,13,11.7,17.9,184
Rourkela-Zone1,14,0.0,23.2,198
Rourkela-Zone1,15,6.9,24.0,189
Rourkela-Zone1,16,0.0,17.1,180
Rourkela-Zone1,17,0.0,18.4,189
Rourkela-Zone1,18,0.0,20.0,208
Rourkela-Zone1,19,0.0,18.7,205
Rourkela-Zone1,20,0.0,21.7,203
Rourkela-Zone1,21,0.0,19.3,185
Rourkela-Zone1,22,0.0,25.1,197
Rourkela-Zone1,23,0.0,23.2,167
Rourkela-Zone1,24,22.7,21.4,185
Rourkela-Zone1,25,19.0,23.1,206
Rourkela-Zone1,26,0.0,23.3,178
Rourkela-Zone1,27,2.4,20.0,189
Rourkela-Zone1,28,0.0,19.6,205
Rourkela-Zone1,29,0.9,21.5,218
Rourkela-Zone1,30,5.1,23.1,109
Rourkela-Zone1,31,15.5,21.8,97
Rourkela-Zone1,32,0.0,18.4,90
Rourkela-Zone1,33,4.2,20.1,118
Rourkela-Zone1,34,0.0,21.6,151
Rourkela-Zone1,35,29.1,21.7,101
Rourkela-Zone1,36,0.0,25.9,120
Rourkela-Zone1,37,0.0,19.3,125
Rourkela-Zone1,38,0.6,23.2,119
Rourkela-Zone1,39,1.3,25.3,107
Rourkela-Zone1,40,0.0,27.0,132
Rourkela-Zone1,41,14.3,21.7,112
Rourkela-Zone1,42,0.0,23.6,120
Rourkela-Zone1,43,0.0,23.9,105
Rourkela-Zone1,44,0.0,23.3,140
Rourkela-Zone1,45,0.0,22.8,130
Rourkela-Zone1,46,0.0,24.0,112
Rourkela-Zone1,47,0.0,18.2,135
Rourkela-Zone1,48,0.0,24.7,113
Rourkela-Zone1,49,0.0,23.8,108
Rourkela-Zone1,50,0.0,23.2,109
Rourkela-Zone1,51,3.3,27.9,91
Rourkela-Zone1,52,10.3,22.6,119
Rourkela-Zone1,53,0.0,23.2,93
Rourkela-Zone1,54,0.0,28.2,102
Rourkela-Zone1,55,0.0,22.7,89
Rourkela-Zone1,56,0.0,23.4,119
Rourkela-Zone1,57,0.7,24.3,117
Rourkela-Zone1,58,0.0,26.4,115
Rourkela-Zone1,59,0.0,25.3,104
Rourkela-Zone1,60,0.0,22.5,102
Rourkela-Zone1,61,0.0,24.1,127
Rourkela-Zone1,62,6.4,24.1,107
Rourkela-Zone1,63,21.4,25.4,108
Rourkela-Zone1,64,0.0,26.5,107
Rourkela-Zone1,65,0.0,26.7,123
Rourkela-Zone1,66,8.2,22.4,133
Rourkela-Zone1,67,12.9,28.3,118
Rourkela-Zone1,68,0.0,26.8,114
Rourkela-Zone1,69,0.0,29.2,124
Rourkela-Zone1,70,0.0,27.5,116
Rourkela-Zone1,71,0.0,29.0,120
Rourkela-Zone1,72,0.0,27.9,115
Rourkela-Zone1,73,0.0,29.8,118
Rourkela-Zone1,74,0.0,28.3,123
Rourkela-Zone1,75,0.0,27.3,105
Rourkela-Zone1,76,4.4,32.2,101
Rourkela-Zone1,77,0.0,29.6,99
Rourkela-Zone1,78,0.0,29.1,96
Rourkela-Zone1,79,0.0,25.6,102
Rourkela-Zone1,80,0.0,25.7,122
Rourkela-Zone1,81,21.1,29.0,90
Rourkela-Zone1,82,0.0,28.9,128
Rourkela-Zone1,83,0.0,27.6,121
Rourkela-Zone1,84,1.9,29.3,89
Rourkela-Zone1,85,0.0,32.3,130
Rourkela-Zone1,86,10.8,30.7,124
Rourkela-Zone1,87,0.0,27.2,105
Rourkela-Zone1,88,0.0,29.4,126
Rourkela-Zone1,89,0.0,28.2,107
Rourkela-Zone1,90,0.0,29.2,121
Rourkela-Zone1,91,6.3,29.3,96
Rourkela-Zone1,92,5.1,29.4,89
Rourkela-Zone1,93,0.0,28.0,114
Rourkela-Zone1,94,0.0,30.4,118
Rourkela-Zone1,95,5.6,29.7,110
Rourkela-Zone1,96,13.3,25.2,92
Rourkela-Zone1,97,0.0,35.3,114
Rourkela-Zone1,98,0.0,33.6,124
Rourkela-Zone1,99,0.0,30.8,119
Rourkela-Zone1,100,8.4,31.8,116
Rourkela-Zone1,101,0.0,29.5,110
Rourkela-Zone1,102,0.0,35.4,138
Rourkela-Zone1,103,3.2,36.0,100
Rourkela-Zone1,104,0.0,32.7,127
Rourkela-Zone1,105,0.0,34.6,138
Rourkela-Zone1,106,0.0,33.1,127
Rourkela-Zone1,107,0.0,30.2,117
Rourkela-Zone1,108,0.0,32.2,112
Rourkela-Zone1,109,0.0,33.5,136
Rourkela-Zone1,110,0.0,32.5,99
Rourkela-Zone1,111,0.0,33.1,105
Rourkela-Zone1,112,5.1,33.5,110
Rourkela-Zone1,113,3.4,33.7,136
Rourkela-Zone1,114,0.0,34.1,126
Rourkela-Zone1,115,0.0,32.1,105
Rourkela-Zone1,116,0.0,32.9,115
Rourkela-Zone1,117,0.0,31.9,111
Rourkela-Zone1,118,0.0,36.6,109
Rourkela-Zone1,119,1.1,30.6,134
Rourkela-Zone1,120,0.0,37.2,99
Rourkela-Zone1,121,0.0,37.9,144
Rourkela-Zone1,122,0.0,34.6,132
Rourkela-Zone1,123,1.6,30.2,135
Rourkela-Zone1,124,0.0,34.8,113
Rourkela-Zone1,125,0.2,35.5,118
Rourkela-Zone1,126,0.0,33.8,99
Rourkela-Zone1,127,9.4,34.9,105
Rourkela-Zone1,128,10.1,39.1,119
Rourkela-Zone1,129,0.0,37.6,139
Rourkela-Zone1,130,0.0,34.5,103
Rourkela-Zone1,131,0.0,33.3,115
Rourkela-Zone1,132,0.0,36.0,118
Rourkela-Zone1,133,0.9,36.3,98
Rourkela-Zone1,134,6.0,37.9,124
Rourkela-Zone1,135,0.9,35.9,108
Rourkela-Zone1,136,5.9,38.1,112
Rourkela-Zone1,137,0.0,41.1,113
Rourkela-Zone1,138,0.0,39.0,108
Rourkela-Zone1,139,2.7,37.4,118
Rourkela-Zone1,140,0.0,37.2,117
Rourkela-Zone1,141,0.9,37.0,114
Rourkela-Zone1,142,0.0,40.2,109
Rourkela-Zone1,143,0.0,36.7,125
Rourkela-Zone1,144,31.2,38.1,120
Rourkela-Zone1,145,0.0,38.2,122
Rourkela-Zone1,146,27.7,37.2,113
Rourkela-Zone1,147,22.3,35.6,81
Rourkela-Zone1,148,4.6,39.1,119
Rourkela-Zone1,149,0.6,38.4,103
Rourkela-Zone1,150,0.0,39.6,98
Rourkela-Zone1,151,8.8,37.6,102
Rourkela-Zone1,152,0.0,41.2,138
Rourkela-Zone1,153,0.0,37.1,134
Rourkela-Zone1,154,2.5,42.3,122
Rourkela-Zone1,155,0.0,35.5,97
Rourkela-Zone1,156,0.6,39.9,117
Rourkela-Zone1,157,0.0,40.1,125
Rourkela-Zone1,158,4.1,37.6,119
Rourkela-Zone1,159,13.4,40.1,82
Rourkela-Zone1,160,0.7,41.9,106
Rourkela-Zone1,161,21.3,35.0,102
Rourkela-Zone1,162,9.6,40.5,120
Rourkela-Zone1,163,14.7,34.5,75
Rourkela-Zone1,164,8.0,37.6,111
Rourkela-Zone1,165,14.3,42.9,111
Rourkela-Zone1,166,3.0,38.5,130
Rourkela-Zone1,167,17.2,37.4,117
Rourkela-Zone1,168,4.5,39.3,125
Rourkela-Zone1,169,22.5,43.9,90
Rourkela-Zone1,170,44.1,36.1,56
Rourkela-Zone1,171,8.9,37.7,107
Rourkela-Zone1,172,8.7,42.9,128
Rourkela-Zone1,173,19.0,43.6,126
Rourkela-Zone1,174,10.4,39.7,122
Rourkela-Zone1,175,24.7,37.5,107
Rourkela-Zone1,176,10.2,44.2,118
Rourkela-Zone1,177,11.0,43.2,103
Rourkela-Zone1,178,41.5,41.3,85
Rourkela-Zone1,179,20.1,38.4,129
Rourkela-Zone1,180,26.8,39.9,84
Rourkela-Zone1,181,15.5,39.7,132
Rourkela-Zone1,182,22.0,40.7,98
Rourkela-Zone1,183,20.7,42.9,123
Rourkela-Zone1,184,21.5,41.7,82
Rourkela-Zone1,185,23.8,37.8,110
Rourkela-Zone1,186,22.1,42.7,91
Rourkela-Zone1,187,20.3,40.6,83
Rourkela-Zone1,188,18.9,41.3,108
Rourkela-Zone1,189,28.6,42.8,112
Rourkela-Zone1,190,19.5,37.7,92
Rourkela-Zone1,191,27.4,39.8,76
Rourkela-Zone1,192,20.6,38.8,102
Rourkela-Zone1,193,26.8,36.7,97
Rourkela-Zone1,194,30.5,40.5,104
Rourkela-Zone1,195,22.0,44.7,117
Rourkela-Zone1,196,21.0,36.0,102
Rourkela-Zone1,197,22.1,39.6,130
Rourkela-Zone1,198,28.9,40.9,100
Rourkela-Zone1,199,37.0,39.8,85
Rourkela-Zone1,200,22.7,39.3,78
Rourkela-Zone1,201,33.4,36.8,89
Rourkela-Zone1,202,26.6,39.8,94
Rourkela-Zone1,203,28.8,37.8,111
Rourkela-Zone1,204,45.2,34.9,91
Rourkela-Zone1,205,27.7,41.6,80
Rourkela-Zone1,206,29.9,41.0,99
Rourkela-Zone1,207,25.4,39.1,110
Rourkela-Zone1,208,26.3,39.4,122
Rourkela-Zone1,209,28.4,41.0,111
Rourkela-Zone1,210,26.6,39.2,110
Rourkela-Zone1,211,34.7,40.5,93
Rourkela-Zone1,212,31.5,38.0,101
Rourkela-Zone1,213,33.7,41.2,112
Rourkela-Zone1,214,29.2,39.1,77
Rourkela-Zone1,215,30.8,38.7,90
Rourkela-Zone1,216,37.0,35.7,79
Rourkela-Zone1,217,55.5,38.7,81
Rourkela-Zone1,218,29.3,36.4,115
Rourkela-Zone1,219,46.8,36.7,74
Rourkela-Zone1,220,36.2,36.2,55
Rourkela-Zone1,221,36.2,35.6,85
Rourkela-Zone1,222,35.4,41.9,105
Rourkela-Zone1,223,30.6,40.2,104
Rourkela-Zone1,224,31.0,41.3,102
Rourkela-Zone1,225,37.8,34.8,86
Rourkela-Zone1,226,34.0,37.3,74
Rourkela-Zone1,227,50.7,34.5,87
Rourkela-Zone1,228,35.1,35.5,79
Rourkela-Zone1,229,32.4,35.0,127
Rourkela-Zone1,230,41.3,39.2,96
Rourkela-Zone1,231,34.2,35.8,84
Rourkela-Zone1,232,37.5,38.6,81
Rourkela-Zone1,233,41.2,37.5,86
Rourkela-Zone1,234,50.1,40.8,76
Rourkela-Zone1,235,44.3,33.1,101
Rourkela-Zone1,236,40.9,38.4,90
Rourkela-Zone1,237,41.0,38.0,76
Rourkela-Zone1,238,55.3,33.6,104
Rourkela-Zone1,239,34.8,37.5,93
Rourkela-Zone1,240,32.0,36.0,106
Rourkela-Zone1,241,34.5,34.7,83
Rourkela-Zone1,242,34.0,33.4,98
Rourkela-Zone1,243,40.7,33.4,92
Rourkela-Zone1,244,40.0,38.8,60
Rourkela-Zone1,245,39.1,34.6,119
Rourkela-Zone1,246,32.0,36.0,114
Rourkela-Zone1,247,42.2,32.7,80
Rourkela-Zone1,248,34.9,32.5,76
Rourkela-Zone1,249,40.4,36.1,93
Rourkela-Zone1,250,38.1,31.1,91
Rourkela-Zone1,251,34.8,32.8,97
Rourkela-Zone1,252,32.5,33.5,97
Rourkela-Zone1,253,32.0,33.5,102
Rourkela-Zone1,254,45.3,32.8,105
Rourkela-Zone1,255,50.9,33.8,88
Rourkela-Zone1,256,39.1,34.2,73
Rourkela-Zone1,257,31.4,34.1,115
Rourkela-Zone1,258,34.5,30.5,117
Rourkela-Zone1,259,40.6,31.7,135
Rourkela-Zone1,260,42.0,34.5,70
Rourkela-Zone1,261,30.7,33.8,99
Rourkela-Zone1,262,29.5,29.1,65
Rourkela-Zone1,263,39.2,32.3,97
Rourkela-Zone1,264,32.5,27.5,86
Rourkela-Zone1,265,31.1,31.4,124
Rourkela-Zone1,266,28.5,34.9,86
Rourkela-Zone1,267,34.4,29.0,67
Rourkela-Zone1,268,43.1,29.1,78
Rourkela-Zone1,269,52.8,32.1,48
Rourkela-Zone1,270,33.9,27.3,104
Rourkela-Zone1,271,32.6,29.0,143
Rourkela-Zone1,272,27.2,31.3,179
Rourkela-Zone1,273,32.5,28.6,143
Rourkela-Zone1,274,29.6,29.3,171
Rourkela-Zone1,275,32.9,31.1,198
Rourkela-Zone1,276,29.0,30.2,182
Rourkela-Zone1,277,26.9,29.8,166
Rourkela-Zone1,278,25.1,28.4,179
Rourkela-Zone1,279,26.9,29.6,179
Rourkela-Zone1,280,24.2,28.5,188
Rourkela-Zone1,281,24.6,29.5,160
Rourkela-Zone1,282,57.5,27.4,163
Rourkela-Zone1,283,26.8,27.8,138
Rourkela-Zone1,284,27.7,26.1,168
Rourkela-Zone1,285,37.7,27.8,162
Rourkela-Zone1,286,64.1,26.1,158
Rourkela-Zone1,287,27.2,25.3,179
Rourkela-Zone1,288,33.1,27.9,152
Rourkela-Zone1,289,22.4,27.6,167
Rourkela-Zone1,290,21.6,28.6,186
Rourkela-Zone1,291,22.3,26.0,181
Rourkela-Zone1,292,26.6,27.5,170
Rourkela-Zone1,293,26.3,27.6,172
Rourkela-Zone1,294,19.6,27.3,195
Rourkela-Zone1,295,17.2,24.6,178
Rourkela-Zone1,296,23.5,26.4,180
Rourkela-Zone1,297,16.0,26.6,220
Rourkela-Zone1,298,21.3,25.8,162
Rourkela-Zone1,299,23.3,21.4,154
Rourkela-Zone1,300,22.9,25.8,193
Rourkela-Zone1,301,23.8,29.7,171
Rourkela-Zone1,302,28.5,24.4,172
Rourkela-Zone1,303,17.0,23.5,175
Rourkela-Zone1,304,21.3,25.6,179
Rourkela-Zone1,305,18.0,25.3,210
Rourkela-Zone1,306,11.3,26.9,203
Rourkela-Zone1,307,9.2,21.9,206
Rourkela-Zone1,308,11.1,25.7,170
Rourkela-Zone1,309,12.4,25.3,173
Rourkela-Zone1,310,14.8,23.7,146
Rourkela-Zone1,311,21.6,24.5,171
Rourkela-Zone1,312,7.6,25.8,208
Rourkela-Zone1,313,6.2,25.3,203
Rourkela-Zone1,314,31.0,21.2,172
Rourkela-Zone1,315,4.8,25.0,196
Rourkela-Zone1,316,8.4,23.1,183
Rourkela-Zone1,317,9.6,23.2,195
Rourkela-Zone1,318,8.1,23.1,205
Rourkela-Zone1,319,1.9,22.5,174
Rourkela-Zone1,320,1.0,25.1,204
Rourkela-Zone1,321,0.8,22.4,213
Rourkela-Zone1,322,6.2,20.2,189
Rourkela-Zone1,323,4.8,21.6,207
Rourkela-Zone1,324,0.0,22.6,242
Rourkela-Zone1,325,5.3,24.6,194
Rourkela-Zone1,326,10.2,23.2,198
Rourkela-Zone1,327,0.0,20.2,189
Rourkela-Zone1,328,0.6,26.8,202
Rourkela-Zone1,329,3.8,22.3,204
Rourkela-Zone1,330,0.0,24.2,203
Rourkela-Zone1,331,0.0,21.2,185
Rourkela-Zone1,332,0.0,22.5,203
Rourkela-Zone1,333,10.3,23.0,214
Rourkela-Zone1,334,5.3,23.7,203
Rourkela-Zone1,335,0.0,23.3,214
Rourkela-Zone1,336,2.5,22.9,194
Rourkela-Zone1,337,0.0,20.4,211
Rourkela-Zone1,338,0.2,19.8,204
Rourkela-Zone1,339,0.0,21.6,186
Rourkela-Zone1,340,0.0,22.7,205
Rourkela-Zone1,341,1.7,20.3,184
Rourkela-Zone1,342,0.0,22.8,191
Rourkela-Zone1,343,0.0,23.5,203
Rourkela-Zone1,344,11.4,18.7,195
Rourkela-Zone1,345,0.0,18.8,182
Rourkela-Zone1,346,0.0,20.2,216
Rourkela-Zone1,347,0.0,21.0,209
Rourkela-Zone1,348,3.6,19.3,187
Rourkela-Zone1,349,1.7,23.0,176
Rourkela-Zone1,350,0.0,21.1,198
Rourkela-Zone1,351,1.0,20.3,193
Rourkela-Zone1,352,0.0,17.3,202
Rourkela-Zone1,353,3.3,17.5,192
Rourkela-Zone1,354,0.0,20.7,170
Rourkela-Zone1,355,0.0,15.8,194
Rourkela-Zone1,356,13.8,22.1,184
Rourkela-Zone1,357,0.0,19.8,210
Rourkela-Zone1,358,0.0,26.5,190
Rourkela-Zone1,359,0.0,24.6,225
Rourkela-Zone1,360,19.9,19.7,155
Rourkela-Zone1,361,0.0,19.8,220
Rourkela-Zone1,362,0.0,22.0,197
Rourkela-Zone1,363,0.0,23.4,213
Rourkela-Zone1,364,0.0,16.7,201
Puri-Zone1,0,9.9,19.2,183
Puri-Zone1,1,20.2,18.8,137
Puri-Zone1,2,7.1,21.2,196
Puri-Zone1,3,27.9,19.7,169
Puri-Zone1,4,17.1,22.3,192
Puri-Zone1,5,28.7,20.8,207
Puri-Zone1,6,15.0,18.8,218
Puri-Zone1,7,9.6,20.8,190
Puri-Zone1,8,28.3,18.3,165
Puri-Zone1,9,8.6,22.0,202
Puri-Zone1,10,9.2,17.4,187
Puri-Zone1,11,15.7,22.7,193
Puri-Zone1,12,17.6,20.9,176
Puri-Zone1,13,27.2,20.0,182
Puri-Zone1,14,7.8,21.9,182
Puri-Zone1,15,18.8,21.4,203
Puri-Zone1,16,16.7,23.1,178
Puri-Zone1,17,6.5,23.1,205
Puri-Zone1,18,9.9,21.2,173
Puri-Zone1,19,8.7,18.9,205
Puri-Zone1,20,8.9,19.6,178
Puri-Zone1,21,38.6,20.6,173
Puri-Zone1,22,14.2,23.0,204
Puri-Zone1,23,16.1,19.9,184
Puri-Zone1,24,36.0,20.2,156
Puri-Zone1,25,9.8,24.7,200
Puri-Zone1,26,18.9,20.9,172
Puri-Zone1,27,10.6,19.9,185
Puri-Zone1,28,22.3,22.8,186
Puri-Zone1,29,7.6,21.2,214
Puri-Zone1,30,29.6,18.6,97
Puri-Zone1,31,8.0,23.6,114
Puri-Zone1,32,9.2,20.1,124
Puri-Zone1,33,17.3,21.8,107
Puri-Zone1,34,10.0,21.6,122
Puri-Zone1,35,13.5,22.3,125
Puri-Zone1,36,10.7,17.6,107
Puri-Zone1,37,16.8,21.4,57
Puri-Zone1,38,8.1,24.4,101
Puri-Zone1,39,6.5,24.8,133
Puri-Zone1,40,8.9,20.4,112
Puri-Zone1,41,11.1,24.4,106
Puri-Zone1,42,7.5,21.1,132
Puri-Zone1,43,9.5,22.0,111
Puri-Zone1,44,10.1,22.2,81
Puri-Zone1,45,6.5,23.2,92
Puri-Zone1,46,13.0,25.1,116
Puri-Zone1,47,23.3,23.8,100
Puri-Zone1,48,7.3,23.1,136
Puri-Zone1,49,13.3,25.4,98
Puri-Zone1,50,14.7,22.0,104
Puri-Zone1,51,10.3,23.6,98
Puri-Zone1,52,15.7,25.9,100
Puri-Zone1,53,10.2,25.1,83
Puri-Zone1,54,11.6,23.3,105
Puri-Zone1,55,6.1,21.3,114
Puri-Zone1,56,15.4,25.1,106
Puri-Zone1,57,14.7,21.5,141
Puri-Zone1,58,6.3,24.3,142
Puri-Zone1,59,9.7,27.3,101
Puri-Zone1,60,36.9,26.3,60
Puri-Zone1,61,10.4,21.2,110
Puri-Zone1,62,11.6,25.8,116
Puri-Zone1,63,25.3,24.9,87
Puri-Zone1,64,16.1,23.1,95
Puri-Zone1,65,13.0,26.5,133
Puri-Zone1,66,18.8,25.0,101
Puri-Zone1,67,22.0,25.2,112
Puri-Zone1,68,10.9,26.6,97
Puri-Zone1,69,11.2,25.2,110
Puri-Zone1,70,9.9,26.8,107
Puri-Zone1,71,33.2,25.6,83
Puri-Zone1,72,15.6,25.9,125
Puri-Zone1,73,6.7,29.1,94
Puri-Zone1,74,21.9,29.5,107
Puri-Zone1,75,11.2,24.0,106
Puri-Zone1,76,6.6,29.1,121
Puri-Zone1,77,12.4,30.6,105
Puri-Zone1,78,10.3,31.1,125
Puri-Zone1,79,22.8,29.2,88
Puri-Zone1,80,7.8,26.2,131
Puri-Zone1,81,20.0,29.7,104
Puri-Zone1,82,12.5,26.9,90
Puri-Zone1,83,6.4,28.1,125
Puri-Zone1,84,34.6,29.7,89
Puri-Zone1,85,11.7,27.5,85
Puri-Zone1,86,8.7,27.0,118
Puri-Zone1,87,11.1,30.4,126
Puri-Zone1,88,21.6,33.4,122
Puri-Zone1,89,8.9,32.3,107
Puri-Zone1,90,7.7,31.4,116
Puri-Zone1,91,7.1,32.1,115
Puri-Zone1,92,8.8,31.6,135
Puri-Zone1,93,18.1,31.4,93
Puri-Zone1,94,11.1,32.5,104
Puri-Zone1,95,8.1,28.1,101
Puri-Zone1,96,7.5,31.4,92
Puri-Zone1,97,9.2,31.0,116
Puri-Zone1,98,28.5,31.5,121
Puri-Zone1,99,9.4,30.6,110
Puri-Zone1,100,41.5,32.8,74
Puri-Zone1,101,11.3,30.2,114
Puri-Zone1,102,7.6,31.0,123
Puri-Zone1,103,23.7,30.9,99
Puri-Zone1,104,10.9,34.1,132
Puri-Zone1,105,15.9,32.5,95
Puri-Zone1,106,38.9,31.8,85
Puri-Zone1,107,6.4,32.1,119
Puri-Zone1,108,6.8,33.1,120
Puri-Zone1,109,16.2,36.5,108
Puri-Zone1,110,8.6,30.9,94
Puri-Zone1,111,7.6,34.9,149
Puri-Zone1,112,6.3,34.6,111
Puri-Zone1,113,6.2,32.1,117
Puri-Zone1,114,17.9,36.9,115
Puri-Zone1,115,7.2,35.3,105
Puri-Zone1,116,11.0,33.3,112
Puri-Zone1,117,13.4,30.8,99
Puri-Zone1,118,10.5,35.1,118
Puri-Zone1,119,6.2,34.7,111
Puri-Zone1,120,18.2,32.9,109
Puri-Zone1,121,6.1,33.0,99
Puri-Zone1,122,17.5,37.0,94
Puri-Zone1,123,23.9,31.5,80
Puri-Zone1,124,10.5,36.2,101
Puri-Zone1,125,12.1,35.3,72
Puri-Zone1,126,11.2,36.8,106
Puri-Zone1,127,9.9,35.4,104
Puri-Zone1,128,23.5,36.7,103
Puri-Zone1,129,23.9,34.7,102
Puri-Zone1,130,9.3,36.3,131
Puri-Zone1,131,13.6,37.5,148
Puri-Zone1,132,26.9,36.9,116
Puri-Zone1,133,32.2,37.5,87
Puri-Zone1,134,11.7,35.0,103
Puri-Zone1,135,10.8,35.8,124
Puri-Zone1,136,8.6,36.0,88
Puri-Zone1,137,31.5,36.7,90
Puri-Zone1,138,7.2,40.1,111
Puri-Zone1,139,12.9,36.8,118
Puri-Zone1,140,8.7,35.3,122
Puri-Zone1,141,8.6,38.8,102
Puri-Zone1,142,10.2,40.5,106
Puri-Zone1,143,59.8,35.4,79
Puri-Zone1,144,6.5,42.0,103
Puri-Zone1,145,12.9,38.9,128
Puri-Zone1,146,6.7,40.3,124
Puri-Zone1,147,7.3,41.2,117
Puri-Zone1,148,10.6,40.4,117
Puri-Zone1,149,11.7,38.3,104
Puri-Zone1,150,8.4,41.0,104
Puri-Zone1,151,9.7,39.2,106
Puri-Zone1,152,8.1,40.9,121
Puri-Zone1,153,11.0,41.2,114
Puri-Zone1,154,35.9,36.7,85
Puri-Zone1,155,32.6,40.6,105
Puri-Zone1,156,13.4,38.7,107
Puri-Zone1,157,17.6,39.4,96
Puri-Zone1,158,30.7,39.5,99
Puri-Zone1,159,12.2,39.4,95
Puri-Zone1,160,26.2,42.4,74
Puri-Zone1,161,37.2,36.7,90
Puri-Zone1,162,15.0,36.0,98
Puri-Zone1,163,16.3,35.6,103
Puri-Zone1,164,41.4,41.7,72
Puri-Zone1,165,22.4,38.1,120
Puri-Zone1,166,17.0,39.9,96
Puri-Zone1,167,19.9,39.5,98
Puri-Zone1,168,23.0,38.0,107
Puri-Zone1,169,28.3,41.5,77
Puri-Zone1,170,30.1,39.6,74
Puri-Zone1,171,63.2,39.4,75
Puri-Zone1,172,23.5,40.3,95
Puri-Zone1,173,27.6,41.3,84
Puri-Zone1,174,28.2,38.0,107
Puri-Zone1,175,26.8,41.7,86
Puri-Zone1,176,24.8,42.9,96
Puri-Zone1,177,54.3,37.1,63
Puri-Zone1,178,39.9,40.5,93
Puri-Zone1,179,30.7,39.4,115
Puri-Zone1,180,33.1,41.4,66
Puri-Zone1,181,28.4,37.6,99
Puri-Zone1,182,33.2,43.3,106
Puri-Zone1,183,37.0,36.8,84
Puri-Zone1,184,33.9,39.5,76
Puri-Zone1,185,65.7,40.8,74
Puri-Zone1,186,36.8,38.6,106
Puri-Zone1,187,33.5,38.3,107
Puri-Zone1,188,42.2,40.4,92
Puri-Zone1,189,32.4,40.1,96
Puri-Zone1,190,35.3,39.9,78
Puri-Zone1,191,35.4,41.6,105
Puri-Zone1,192,37.0,39.0,103
Puri-Zone1,193,45.2,40.4,67
Puri-Zone1,194,38.8,38.7,94
Puri-Zone1,195,46.6,38.0,92
Puri-Zone1,196,41.3,39.1,100
Puri-Zone1,197,38.3,38.6,88
Puri-Zone1,198,48.7,38.7,68
Puri-Zone1,199,38.1,41.9,82
Puri-Zone1,200,38.4,39.0,74
Puri-Zone1,201,42.4,38.1,85
Puri-Zone1,202,39.6,39.4,85
Puri-Zone1,203,37.7,39.5,122
Puri-Zone1,204,46.4,36.9,96
Puri-Zone1,205,44.2,38.6,99
Puri-Zone1,206,43.6,38.4,92
Puri-Zone1,207,66.5,38.7,61
Puri-Zone1,208,46.4,40.4,79
Puri-Zone1,209,55.9,39.2,73
Puri-Zone1,210,41.6,41.3,90
Puri-Zone1,211,47.4,38.7,88
Puri-Zone1,212,57.2,42.2,74
Puri-Zone1,213,48.4,37.6,77
Puri-Zone1,214,51.8,36.9,70
Puri-Zone1,215,45.7,39.5,63
Puri-Zone1,216,43.1,41.0,105
Puri-Zone1,217,47.5,35.4,115
Puri-Zone1,218,46.9,37.7,101
Puri-Zone1,219,59.2,36.7,54
Puri-Zone1,220,45.6,38.1,95
Puri-Zone1,221,70.8,37.8,79
Puri-Zone1,222,69.2,40.3,59
Puri-Zone1,223,46.3,37.3,90
Puri-Zone1,224,47.7,40.2,75
Puri-Zone1,225,62.5,36.7,93
Puri-Zone1,226,71.8,39.0,68
Puri-Zone1,227,49.5,37.5,67
Puri-Zone1,228,48.1,40.4,92
Puri-Zone1,229,51.1,33.9,95
Puri-Zone1,230,54.6,34.4,79
Puri-Zone1,231,47.9,40.2,89
Puri-Zone1,232,56.2,35.0,74
Puri-Zone1,233,46.0,34.9,66
Puri-Zone1,234,46.1,34.4,81
Puri-Zone1,235,49.7,38.3,88
Puri-Zone1,236,49.3,33.4,79
Puri-Zone1,237,48.9,35.8,93
Puri-Zone1,238,51.3,35.1,73
Puri-Zone1,239,49.1,37.5,76
Puri-Zone1,240,47.7,34.2,94
Puri-Zone1,241,49.0,36.0,84
Puri-Zone1,242,75.5,32.7,53
Puri-Zone1,243,50.2,39.4,95
Puri-Zone1,244,50.7,34.2,69
Puri-Zone1,245,52.8,34.6,67
Puri-Zone1,246,78.6,37.7,15
Puri-Zone1,247,48.0,33.1,73
Puri-Zone1,248,54.9,37.4,96
Puri-Zone1,249,55.7,33.1,44
Puri-Zone1,250,53.0,35.1,63
Puri-Zone1,251,46.2,32.5,90
Puri-Zone1,252,54.4,30.7,43
Puri-Zone1,253,45.7,34.1,76
Puri-Zone1,254,52.3,34.4,95
Puri-Zone1,255,55.6,30.3,106
Puri-Zone1,256,46.6,32.2,87
Puri-Zone1,257,59.3,35.0,59
Puri-Zone1,258,44.6,33.7,70
Puri-Zone1,259,59.0,31.5,75
Puri-Zone1,260,48.9,30.9,85
Puri-Zone1,261,45.7,35.9,111
Puri-Zone1,262,44.6,28.9,99
Puri-Zone1,263,67.7,31.5,67
Puri-Zone1,264,43.6,28.5,80
Puri-Zone1,265,44.5,33.9,130
Puri-Zone1,266,45.8,31.1,93
Puri-Zone1,267,49.9,31.3,70
Puri-Zone1,268,48.1,36.3,78
Puri-Zone1,269,42.6,29.4,73
Puri-Zone1,270,43.9,33.9,49
Puri-Zone1,271,43.1,29.5,170
Puri-Zone1,272,42.4,29.6,193
Puri-Zone1,273,44.4,35.2,140
Puri-Zone1,274,49.5,29.4,161
Puri-Zone1,275,41.4,26.8,156
Puri-Zone1,276,42.7,30.0,174
Puri-Zone1,277,42.6,28.9,163
Puri-Zone1,278,68.3,29.8,125
Puri-Zone1,279,62.6,28.6,135
Puri-Zone1,280,50.3,33.1,147
Puri-Zone1,281,39.2,29.7,189
Puri-Zone1,282,37.1,26.2,190
Puri-Zone1,283,39.2,28.5,164
Puri-Zone1,284,38.1,26.4,188
Puri-Zone1,285,40.8,27.4,165
Puri-Zone1,286,46.7,25.9,158
Puri-Zone1,287,49.9,31.7,161
Puri-Zone1,288,48.6,26.0,165
Puri-Zone1,289,36.8,28.6,162
Puri-Zone1,290,42.0,26.4,167
Puri-Zone1,291,35.2,24.6,184
Puri-Zone1,292,32.2,27.1,176
Puri-Zone1,293,40.8,27.3,168
Puri-Zone1,294,30.7,27.5,183
Puri-Zone1,295,34.3,21.0,183
Puri-Zone1,296,32.7,23.6,173
Puri-Zone1,297,38.4,27.8,162
Puri-Zone1,298,40.0,23.9,171
Puri-Zone1,299,30.7,26.0,152
Puri-Zone1,300,40.6,22.9,164
Puri-Zone1,301,29.4,26.8,139
Puri-Zone1,302,30.8,27.0,150
Puri-Zone1,303,35.8,26.5,144
Puri-Zone1,304,34.3,26.9,188
Puri-Zone1,305,59.2,27.8,153
Puri-Zone1,306,25.7,22.2,161
Puri-Zone1,307,31.7,22.8,182
Puri-Zone1,308,29.9,26.1,191
Puri-Zone1,309,41.5,26.4,174
Puri-Zone1,310,22.5,22.6,179
Puri-Zone1,311,31.6,22.4,178
Puri-Zone1,312,26.5,22.4,192
Puri-Zone1,313,21.7,20.4,176
Puri-Zone1,314,23.7,20.9,182
Puri-Zone1,315,21.1,20.8,179
Puri-Zone1,316,24.1,22.6,156
Puri-Zone1,317,34.1,23.6,186
Puri-Zone1,318,22.6,23.8,213
Puri-Zone1,319,23.2,21.8,168
Puri-Zone1,320,20.4,21.7,198
Puri-Zone1,321,14.3,22.8,176
Puri-Zone1,322,15.3,19.5,190
Puri-Zone1,323,17.9,24.3,208
Puri-Zone1,324,14.8,24.8,180
Puri-Zone1,325,12.8,20.9,190
Puri-Zone1,326,16.1,21.2,160
Puri-Zone1,327,12.9,24.4,180
Puri-Zone1,328,11.5,21.6,162
Puri-Zone1,329,13.4,22.9,196
Puri-Zone1,330,8.9,21.5,205
Puri-Zone1,331,28.1,24.7,174
Puri-Zone1,332,22.5,22.4,186
Puri-Zone1,333,15.8,22.5,182
Puri-Zone1,334,6.9,22.4,206
Puri-Zone1,335,18.0,20.1,188
Puri-Zone1,336,19.2,20.2,155
Puri-Zone1,337,17.7,22.6,200
Puri-Zone1,338,7.0,21.2,189
Puri-Zone1,339,14.3,18.5,170
Puri-Zone1,340,20.4,24.6,177
Puri-Zone1,341,12.9,22.7,161
Puri-Zone1,342,14.3,20.8,170
Puri-Zone1,343,10.9,20.1,193
Puri-Zone1,344,12.0,21.0,194
Puri-Zone1,345,6.3,21.6,200
Puri-Zone1,346,14.2,16.4,189
Puri-Zone1,347,6.7,24.6,184
Puri-Zone1,348,10.6,18.8,191
Puri-Zone1,349,8.8,20.3,186
Puri-Zone1,350,12.3,20.3,166
Puri-Zone1,351,7.1,24.2,183
Puri-Zone1,352,15.4,20.0,201
Puri-Zone1,353,18.7,23.3,209
Puri-Zone1,354,7.4,21.0,204
Puri-Zone1,355,6.9,18.2,218
Puri-Zone1,356,7.3,20.4,195
Puri-Zone1,357,22.8,19.8,208
Puri-Zone1,358,12.0,17.9,221
Puri-Zone1,359,11.0,20.7,165
Puri-Zone1,360,6.9,20.1,198
Puri-Zone1,361,14.4,21.1,190
Puri-Zone1,362,22.2,20.4,176
Puri-Zone1,363,20.1,18.7,191
Puri-Zone1,364,13.9,21.5,190
